Player,Team,POS,FPTS,VORP,VORP_FLEX,VORP_SFLEX,Player First Name,Player Last Name,Player Team,ADP
Jalen Hurts,PHI,QB,346.64,80.22,80.22,249.44,Jalen,Hurts,PHI,34.7
Josh Allen,BUF,QB,338.28000000000003,71.86,71.86,241.08,Josh,Allen,BUF,22.2
Lamar Jackson,BAL,QB,328.28000000000003,61.86,61.86,231.08,Lamar,Jackson,BAL,34.4
Patrick Mahomes,KC,QB,319.24,52.82,52.82,222.04,Patrick,Mahomes,KC,30.7
Anthony Richardson,IND,QB,295.04,28.62,28.62,197.84,Anthony,Richardson,IND,56.0
Dak Prescott,DAL,QB,293.38,26.96,26.96,196.18,Dak,Prescott,DAL,71.2
CJ Stroud,HOU,QB,293.7,27.28,27.28,196.5,C.J.,Stroud,HOU,41.4
Joe Burrow,CIN,QB,292.62,26.2,26.2,195.42,Joe,Burrow,CIN,61.2
Kyler Murray,ARI,QB,291.44,25.02,25.02,194.24,Kyler,Murray,ARI,78.1
Jordan Love,GB,QB,279.48,13.06,13.06,182.28,Jordan,Love,GB,80.4
Brock Purdy,SF,QB,277.1,10.68,10.68,179.9,Brock,Purdy,SF,90.2
Jayden Daniels,WAS,QB,278.68,12.26,12.26,181.48,Jayden,Daniels,WAS,115.1
Caleb Williams,CHI,QB,271.66,5.24,5.24,174.46,Caleb,Williams,CHI,101.4
Trevor Lawrence,JAX,QB,272.03999999999996,5.62,5.62,174.84,Trevor,Lawrence,JAX,125.7
Deshaun Watson,CLE,QB,266.42,0.0,0.0,169.22,Deshaun,Watson,CLE,181.1
Justin Herbert,LAC,QB,264.26,-2.16,-2.16,167.06,Justin,Herbert,LAC,124.0
Jared Goff,DET,QB,266.67999999999995,0.26,0.26,169.48,Jared,Goff,DET,109.9
Tua Tagovailoa,MIA,QB,257.52000000000004,-8.9,-8.9,160.32,Tua,Tagovailoa,MIA,104.3
Kirk Cousins,ATL,QB,257.62,-8.8,-8.8,160.42,Kirk,Cousins,ATL,157.4
Baker Mayfield,TB,QB,252.98,-13.44,-13.44,155.78,Baker,Mayfield,TB,167.1
Matthew Stafford,LAR,QB,247.78000000000003,-18.64,-18.64,150.58,Matthew,Stafford,LAR,162.8
Aaron Rodgers,NYJ,QB,252.3,-14.12,-14.12,155.1,Aaron,Rodgers,NYJ,148.6
Geno Smith,SEA,QB,244.24,-22.18,-22.18,147.04,Geno,Smith,SEA,209.6
Will Levis,TEN,QB,235.58,-30.84,-30.84,138.38,Will,Levis,TEN,205.1
Daniel Jones,NYG,QB,231.94,-34.48,-34.48,134.74,Daniel,Jones,NYG,257.3
Derek Carr,NO,QB,230.82,-35.6,-35.6,133.62,Derek,Carr,NO,253.3
Sam Darnold,MIN,QB,230.18,-36.24,-36.24,132.98,Sam,Darnold,MIN,239.6
Bo Nix,DEN,QB,214.5,-51.92,-51.92,117.3,Bo,Nix,DEN,206.9
Bryce Young,CAR,QB,215.5,-50.92,-50.92,118.3,Bryce,Young,CAR,225.3
Russell Wilson,PIT,QB,207.77999999999997,-58.64,-58.64,110.58,Russell,Wilson,PIT,250.9
Gardner Minshew,LV,QB,169.98000000000002,-96.44,-96.44,72.78,Gardner,Minshew,LV,260.2
Drake Maye,NE,QB,150.67999999999998,-115.74,-115.74,53.48,Drake,Maye,NE,222.6
Jacoby Brissett,NE,QB,79.44,-186.98,-186.98,-17.76,Jacoby,Brissett,NE,384.0
Taysom Hill,NO,QB,75.82000000000001,-190.6,-190.6,-21.38,Taysom,Hill,NO,183.2
Aidan O'Connell,LV,QB,67.28,-199.14,-199.14,-29.92,Aidan,O'Connell,LV,290.6
Justin Fields,PIT,QB,66.34,-200.08,-200.08,-30.86,Justin,Fields,PIT,208.4
Sam Howell,SEA,QB,31.660000000000004,-234.76,-234.76,-65.54,Sam,Howell,SEA,384.0
Drew Lock,NYG,QB,32.559999999999995,-233.86,-233.86,-64.64,Drew,Lock,NYG,384.0
Nick Mullens,MIN,QB,32.28,-234.14,-234.14,-64.92,,,,384.0
Jarrett Stidham,DEN,QB,26.16,-240.26,-240.26,-71.04,Jarrett,Stidham,DEN,384.0
Jameis Winston,CLE,QB,23.020000000000003,-243.4,-243.4,-74.18,Jameis,Winston,CLE,384.0
Michael Penix,ATL,QB,21.46,-244.96,-244.96,-75.74,Michael,Penix,ATL,266.9
Jake Browning,CIN,QB,21.42,-245.0,-245.0,-75.78,Jake,Browning,CIN,384.0
Spencer Rattler,NO,QB,23.639999999999997,-242.78,-242.78,-73.56,Spencer,Rattler,NO,384.0
Hendon Hooker,DET,QB,18.02,-248.4,-248.4,-79.18,Hendon,Hooker,DET,384.0
Josh Johnson,BAL,QB,19.42,-247.0,-247.0,-77.78,,,,384.0
Mitchell Trubisky,BUF,QB,19.6,-246.82,-246.82,-77.6,,,,384.0
Jimmy Garoppolo,LAR,QB,19.68,-246.74,-246.74,-77.52,,,,384.0
Skylar Thompson,MIA,QB,17.5,-248.92,-248.92,-79.7,,,,384.0
Carson Wentz,KC,QB,20.9,-245.52,-245.52,-76.3,,,,384.0
Joshua Dobbs,SF,QB,17.38,-249.04,-249.04,-79.82,,,,384.0
Tyson Bagent,CHI,QB,16.04,-250.38,-250.38,-81.16,,,,384.0
Tyrod Taylor,NYJ,QB,17.32,-249.1,-249.1,-79.88,,,,384.0
Cooper Rush,DAL,QB,19.020000000000003,-247.4,-247.4,-78.18,,,,384.0
Davis Mills,HOU,QB,15.0,-251.42,-251.42,-82.2,,,,384.0
Joe Flacco,IND,QB,15.98,-250.44,-250.44,-81.22,Joe,Flacco,IND,384.0
Clayton Tune,ARI,QB,16.200000000000003,-250.22,-250.22,-81.0,,,,384.0
Taylor Heinicke,LAC,QB,17.66,-248.76,-248.76,-79.54,,,,384.0
Mac Jones,JAX,QB,17.52,-248.9,-248.9,-79.68,,,,384.0
Malik Willis,GB,QB,16.84,-249.58,-249.58,-80.36,,,,384.0
Kenny Pickett,PHI,QB,15.42,-251.0,-251.0,-81.78,Kenny,Pickett,PHI,384.0
Marcus Mariota,WAS,QB,15.88,-250.54,-250.54,-81.32,,,,384.0
Kyle Trask,TB,QB,15.9,-250.52,-250.52,-81.3,,,,384.0
Mason Rudolph,TEN,QB,14.64,-251.78,-251.78,-82.56,,,,384.0
Andy Dalton,CAR,QB,16.400000000000002,-250.02,-250.02,-80.8,,,,384.0
Tyler Huntley,BAL,QB,12.48,-253.94,-253.94,-84.72,,,,384.0
Easton Stick,LAC,QB,11.9,-254.52,-254.52,-85.3,,,,384.0
Zach Wilson,DEN,QB,11.7,-254.72,-254.72,-85.5,Zach,Wilson,DEN,384.0
Jaren Hall,SEA,QB,11.56,-254.86,-254.86,-85.64,,,,384.0
Tommy DeVito,NYG,QB,11.3,-255.12,-255.12,-85.9,,,,384.0
Case Keenum,HOU,QB,11.0,-255.42,-255.42,-86.2,,,,384.0
Trey Lance,DAL,QB,10.88,-255.54,-255.54,-86.32,Trey,Lance,DAL,384.0
Michael Pratt,TB,QB,10.8,-255.62,-255.62,-86.4,,,,384.0
Jordan Travis,NYJ,QB,10.52,-255.9,-255.9,-86.68,Jordan,Travis,NYJ,384.0
Joe Milton,NE,QB,9.3,-257.12,-257.12,-87.9,Joe,Milton,NE,384.0
Kyle Allen,PIT,QB,8.96,-257.46,-257.46,-88.24,,,,384.0
Sean Clifford,GB,QB,8.96,-257.46,-257.46,-88.24,,,,384.0
Mike White,BUF,QB,8.899999999999999,-257.52,-257.52,-88.3,,,,384.0
Bailey Zappe,KC,QB,8.700000000000001,-257.72,-257.72,-88.5,,,,384.0
Jake Haener,NO,QB,9.56,-256.86,-256.86,-87.64,,,,384.0
Stetson Bennett,LAR,QB,8.98,-257.44,-257.44,-88.22,,,,384.0
Sam Hartman,WAS,QB,8.7,-257.72,-257.72,-88.5,,,,384.0
Dorian Thompson-Robinson,CLE,QB,6.9399999999999995,-259.48,-259.48,-90.26,,,,384.0
Tanner McKee,PHI,QB,8.0,-258.42,-258.42,-89.2,,,,384.0
Sam Ehlinger,IND,QB,7.84,-258.58,-258.58,-89.36,,,,384.0
Devin Leary,BAL,QB,2.6,-263.82,-263.82,-94.6,,,,384.0
Christian McCaffrey,SF,RB,308.0,237.9,230.4,210.8,Christian,McCaffrey,SF,1.2
Breece Hall,NYJ,RB,262.8,192.7,185.2,165.6,Breece,Hall,NYJ,8.8
Bijan Robinson,ATL,RB,261.5,191.4,183.9,164.3,Bijan,Robinson,ATL,6.5
Jonathan Taylor,IND,RB,237.4,167.3,159.8,140.2,Jonathan,Taylor,IND,13.9
Saquon Barkley,PHI,RB,241.20000000000002,171.1,163.6,144.0,Saquon,Barkley,PHI,12.6
Derrick Henry,BAL,RB,216.20000000000002,146.1,138.6,119.0,Derrick,Henry,BAL,20.5
Kyren Williams,LAR,RB,211.6,141.5,134.0,114.4,Kyren,Williams,LAR,16.9
Jahmyr Gibbs,DET,RB,217.90000000000003,147.8,140.3,120.7,Jahmyr,Gibbs,DET,12.7
Travis Etienne,JAX,RB,213.3,143.2,135.7,116.1,Travis,Etienne,JAX,18.4
Josh Jacobs,GB,RB,207.1,137.0,129.5,109.9,Josh,Jacobs,GB,27.5
Isiah Pacheco,KC,RB,203.20000000000002,133.1,125.6,106.0,Isiah,Pacheco,KC,27.6
James Cook,BUF,RB,204.0,133.9,126.4,106.8,James,Cook,BUF,41.1
De'Von Achane,MIA,RB,202.0,131.9,124.4,104.8,De'Von,Achane,MIA,25.0
Joe Mixon,HOU,RB,200.50000000000003,130.4,122.9,103.3,Joe,Mixon,HOU,47.7
Rachaad White,TB,RB,202.9,132.8,125.3,105.7,Rachaad,White,TB,38.5
Kenneth Walker,SEA,RB,197.4,127.3,119.8,100.2,Kenneth,Walker,SEA,50.6
Alvin Kamara,NO,RB,201.89999999999998,131.8,124.3,104.7,Alvin,Kamara,NO,48.0
David Montgomery,DET,RB,171.89999999999998,101.8,94.3,74.7,David,Montgomery,DET,65.8
Aaron Jones,MIN,RB,173.10000000000002,103.0,95.5,75.9,Aaron,Jones,MIN,58.8
Zamir White,LV,RB,165.70000000000002,95.6,88.1,68.5,Zamir,White,LV,82.2
Najee Harris,PIT,RB,166.8,96.7,89.2,69.6,Najee,Harris,PIT,73.6
James Conner,ARI,RB,168.5,98.4,90.9,71.3,James,Conner,ARI,62.5
Raheem Mostert,MIA,RB,162.8,92.7,85.2,65.6,Raheem,Mostert,MIA,81.9
Rhamondre Stevenson,NE,RB,163.6,93.5,86.0,66.4,Rhamondre,Stevenson,NE,69.5
Tony Pollard,TEN,RB,155.20000000000002,85.1,77.6,58.0,Tony,Pollard,TEN,76.9
D'Andre Swift,CHI,RB,158.1,88.0,80.5,60.9,D'Andre,Swift,CHI,62.1
Javonte Williams,DEN,RB,158.60000000000002,88.5,81.0,61.4,Javonte,Williams,DEN,90.2
Brian Robinson,WAS,RB,149.70000000000002,79.6,72.1,52.5,Brian,Robinson,WAS,108.8
Devin Singletary,NYG,RB,150.39999999999998,80.3,72.8,53.2,Devin,Singletary,NYG,99.5
Zack Moss,CIN,RB,144.7,74.6,67.1,47.5,Zack,Moss,CIN,92.8
Gus Edwards,LAC,RB,138.70000000000002,68.6,61.1,41.5,Gus,Edwards,LAC,113.5
Jaylen Warren,PIT,RB,145.5,75.4,67.9,48.3,Jaylen,Warren,PIT,97.7
Chase Brown,CIN,RB,140.70000000000002,70.6,63.1,43.5,Chase,Brown,CIN,118.4
Ezekiel Elliott,DAL,RB,134.1,64.0,56.5,36.9,Ezekiel,Elliott,DAL,114.3
Tyjae Spears,TEN,RB,141.1,71.0,63.5,43.9,Tyjae,Spears,TEN,107.8
Jerome Ford,CLE,RB,137.5,67.4,59.9,40.3,Jerome,Ford,CLE,122.7
Austin Ekeler,WAS,RB,146.0,75.9,68.4,48.8,Austin,Ekeler,WAS,93.8
Nick Chubb,CLE,RB,124.9,54.8,47.3,27.7,Nick,Chubb,CLE,87.0
Jonathon Brooks,CAR,RB,117.60000000000001,47.5,40.0,20.4,Jonathon,Brooks,CAR,97.1
JK Dobbins,LAC,RB,113.8,43.7,36.2,16.6,J.K.,Dobbins,LAC,155.3
Chuba Hubbard,CAR,RB,118.8,48.7,41.2,21.6,Chuba,Hubbard,CAR,153.4
Ty Chandler,MIN,RB,109.70000000000002,39.6,32.1,12.5,Ty,Chandler,MIN,167.6
Blake Corum,LAR,RB,105.50000000000001,35.4,27.9,8.3,Blake,Corum,LAR,120.1
Rico Dowdle,DAL,RB,108.1,38.0,30.5,10.9,Rico,Dowdle,DAL,160.2
Tyler Allgeier,ATL,RB,106.10000000000001,36.0,28.5,8.9,Tyler,Allgeier,ATL,169.5
Trey Benson,ARI,RB,97.20000000000002,27.1,19.6,0.0,Trey,Benson,ARI,111.7
Khalil Herbert,CHI,RB,97.10000000000001,27.0,19.5,-0.1,Khalil,Herbert,CHI,215.3
Antonio Gibson,NE,RB,109.6,39.5,32.0,12.4,Antonio,Gibson,NE,185.5
Jaleel McLaughlin,DEN,RB,105.30000000000001,35.2,27.7,8.1,Jaleel,McLaughlin,DEN,188.5
Zach Charbonnet,SEA,RB,97.39999999999999,27.3,19.8,0.2,Zach,Charbonnet,SEA,150.6
Bucky Irving,TB,RB,86.5,16.4,8.9,-10.7,Bucky,Irving,TB,207.9
Jordan Mason,SF,RB,74.5,4.4,-3.1,-22.7,Jordan,Mason,SF,384.0
MarShawn Lloyd,GB,RB,77.6,7.5,0.0,-19.6,MarShawn,Lloyd,GB,191.9
Alexander Mattison,LV,RB,77.10000000000001,7.0,-0.5,-20.1,Alexander,Mattison,LV,231.0
Ray Davis,BUF,RB,70.10000000000001,0.0,-7.5,-27.1,Ray,Davis,BUF,197.1
Jamaal Williams,NO,RB,78.7,8.6,1.1,-18.5,Jamaal,Williams,NO,294.4
Tyrone Tracy,NYG,RB,69.5,-0.6,-8.1,-27.7,Tyrone,Tracy,NYG,199.1
Braelon Allen,NYJ,RB,66.9,-3.2,-10.7,-30.3,Braelon,Allen,NYJ,198.9
Tank Bigsby,JAX,RB,59.00000000000001,-11.1,-18.6,-38.2,Tank,Bigsby,JAX,246.7
Miles Sanders,CAR,RB,62.8,-7.3,-14.8,-34.4,Miles,Sanders,CAR,384.0
Jaylen Wright,MIA,RB,55.4,-14.7,-22.2,-41.8,Jaylen,Wright,MIA,163.4
Roschon Johnson,CHI,RB,58.599999999999994,-11.5,-19.0,-38.6,Roschon,Johnson,CHI,229.6
Dameon Pierce,HOU,RB,55.2,-14.9,-22.4,-42.0,Dameon,Pierce,HOU,212.4
Kenneth Gainwell,PHI,RB,50.5,-19.6,-27.1,-46.7,Kenneth,Gainwell,PHI,270.5
Clyde Edwards-Helaire,KC,RB,53.4,-16.7,-24.2,-43.8,Clyde,Edwards-Helaire,KC,224.0
D'Onta Foreman,CLE,RB,52.8,-17.3,-24.8,-44.4,D'Onta,Foreman,CLE,269.7
Audric Estime,DEN,RB,47.1,-23.0,-30.5,-50.1,Audric,Estime,DEN,227.7
Samaje Perine,KC,RB,54.10000000000001,-16.0,-23.5,-43.1,,,,384.0
Justice Hill,BAL,RB,45.800000000000004,-24.3,-31.8,-51.4,Justice,Hill,BAL,240.2
Kendre Miller,NO,RB,43.6,-26.5,-34.0,-53.6,Kendre,Miller,NO,186.4
Emanuel Wilson,GB,RB,41.7,-28.4,-35.9,-55.5,,,,384.0
Keaton Mitchell,BAL,RB,42.4,-27.7,-35.2,-54.8,Keaton,Mitchell,BAL,255.6
Kimani Vidal,LAC,RB,41.7,-28.4,-35.9,-55.5,Kimani,Vidal,LAC,194.6
Chris Rodriguez,WAS,RB,44.1,-26.0,-33.5,-53.1,Chris,Rodriguez,WAS,384.0
Dalvin Cook,DAL,RB,38.900000000000006,-31.2,-38.7,-58.3,,,,384.0
Trey Sermon,IND,RB,40.300000000000004,-29.8,-37.3,-56.9,Trey,Sermon,IND,263.9
Eric Gray,NYG,RB,38.900000000000006,-31.2,-38.7,-58.3,Eric,Gray,NYG,297.4
Isaac Guerendo,SF,RB,36.800000000000004,-33.3,-40.8,-60.4,Isaac,Guerendo,SF,264.1
Ty Johnson,BUF,RB,40.1,-30.0,-37.5,-57.1,,,,384.0
Will Shipley,PHI,RB,31.7,-38.4,-45.9,-65.5,Will,Shipley,PHI,247.0
Cam Akers,HOU,RB,32.0,-38.1,-45.6,-65.2,Cam,Akers,HOU,384.0
Cordarrelle Patterson,PIT,RB,34.4,-35.7,-43.2,-62.8,Cordarrelle,Patterson,PIT,384.0
Pierre Strong Jr,CLE,RB,33.300000000000004,-36.8,-44.3,-63.9,,,,384.0
Emari Demercado,ARI,RB,36.1,-34.0,-41.5,-61.1,,,,384.0
Evan Hull,IND,RB,35.3,-34.8,-42.3,-61.9,Evan,Hull,IND,384.0
Deuce Vaughn,DAL,RB,32.1,-38.0,-45.5,-65.1,Deuce,Vaughn,DAL,289.9
Isaiah Davis,NYJ,RB,29.400000000000002,-40.7,-48.2,-67.8,Isaiah,Davis,NYJ,384.0
Dylan Laube,LV,RB,29.7,-40.4,-47.9,-67.5,Dylan,Laube,LV,261.4
Tyler Goodson,IND,RB,21.9,-48.2,-55.7,-75.3,,,,384.0
Jase McClellan,ATL,RB,25.7,-44.4,-51.9,-71.5,,,,384.0
Rasheen Ali,BAL,RB,25.5,-44.6,-52.1,-71.7,Rasheen,Ali,BAL,286.0
Michael Carter,ARI,RB,29.0,-41.1,-48.6,-68.2,,,,384.0
Kyle Juszczyk,SF,RB,29.8,-40.3,-47.8,-67.4,,,,384.0
Kevin Harris,NE,RB,25.5,-44.6,-52.1,-71.7,,,,384.0
Chase Edmonds,TB,RB,28.6,-41.5,-49.0,-68.6,,,,384.0
JaMycal Hasty,NE,RB,21.4,-48.7,-56.2,-75.8,,,,384.0
Jawhar Jordan,HOU,RB,22.8,-47.3,-54.8,-74.4,,,,384.0
Deneric Prince,MIA,RB,22.200000000000003,-47.9,-55.4,-75.0,,,,384.0
Ameer Abdullah,LV,RB,23.0,-47.1,-54.6,-74.2,,,,384.0
Ronnie Rivers,LAR,RB,16.900000000000002,-53.2,-60.7,-80.3,,,,384.0
Carson Steele,KC,RB,16.1,-54.0,-61.5,-81.1,,,,384.0
Trayveon Williams,CIN,RB,18.0,-52.1,-59.6,-79.2,,,,384.0
D'Ernest Johnson,JAX,RB,17.8,-52.3,-59.8,-79.4,,,,384.0
Craig Reynolds,DET,RB,15.500000000000002,-54.6,-62.1,-81.7,,,,384.0
Jeremy McNichols,WAS,RB,18.6,-51.5,-59.0,-78.6,,,,384.0
Kenny McIntosh,SEA,RB,14.100000000000001,-56.0,-63.5,-83.1,,,,384.0
Blake Watson,DEN,RB,13.200000000000001,-56.9,-64.4,-84.0,Blake,Watson,DEN,384.0
Hunter Luepke,DAL,RB,13.3,-56.8,-64.3,-83.9,,,,384.0
Jeff Wilson Jr,MIA,RB,11.8,-58.3,-65.8,-85.4,,,,384.0
Sean Tucker,TB,RB,11.1,-59.0,-66.5,-86.1,,,,384.0
Dare Ogunbowale,HOU,RB,14.500000000000002,-55.6,-63.1,-82.7,,,,384.0
Julius Chestnut,TEN,RB,12.0,-58.1,-65.6,-85.2,,,,384.0
Jordan Mims,NO,RB,10.0,-60.1,-67.6,-87.2,,,,384.0
Cody Schrader,LAR,RB,10.1,-60.0,-67.5,-87.1,,,,384.0
Carlos Washington Jr,ATL,RB,13.899999999999999,-56.2,-63.7,-83.3,,,,384.0
Boston Scott,PIT,RB,8.100000000000001,-62.0,-69.5,-89.1,,,,384.0
Israel Abanikanda,NYJ,RB,8.6,-61.5,-69.0,-88.6,Israel,Abanikanda,NYJ,384.0
Sione Vaki,DET,RB,8.8,-61.3,-68.8,-88.4,,,,384.0
Avery Williams,ATL,RB,7.300000000000001,-62.8,-70.3,-89.9,,,,384.0
Raheem Blackshear,CAR,RB,9.200000000000001,-60.9,-68.4,-88.0,,,,384.0
Malik Davis,DAL,RB,9.3,-60.8,-68.3,-87.9,,,,384.0
Alec Ingold,MIA,RB,9.4,-60.7,-68.2,-87.8,,,,384.0
Hassan Haskins,LAC,RB,6.9,-63.2,-70.7,-90.3,,,,384.0
Emani Bailey,KC,RB,7.5,-62.6,-70.1,-89.7,Emani,Bailey,KC,384.0
Travis Homer,CHI,RB,6.9,-63.2,-70.7,-90.3,,,,384.0
Patrick Taylor Jr,SF,RB,4.6000000000000005,-65.5,-73.0,-92.6,,,,384.0
DeeJay Dallas,ARI,RB,6.700000000000001,-63.4,-70.9,-90.5,,,,384.0
Nyheim Hines,CLE,RB,6.9,-63.2,-70.7,-90.3,,,,384.0
Reggie Gilliam,BUF,RB,5.300000000000001,-64.8,-72.3,-91.9,,,,384.0
Keilan Robinson,JAX,RB,5.800000000000001,-64.3,-71.8,-91.4,,,,384.0
Patrick Ricard,BAL,RB,5.1,-65.0,-72.5,-92.1,,,,384.0
Adam Prentice,NO,RB,5.200000000000001,-64.9,-72.4,-92.0,,,,384.0
Michael Burton,DEN,RB,4.800000000000001,-65.3,-72.8,-92.4,,,,384.0
Keaontay Ingram,KC,RB,5.0,-65.1,-72.6,-92.2,,,,384.0
Myles Gaskin,MIN,RB,4.7,-65.4,-72.9,-92.5,,,,384.0
CJ Ham,MIN,RB,4.5,-65.6,-73.1,-92.7,,,,384.0
La'Mical Perine,GB,RB,4.6,-65.5,-73.0,-92.6,,,,384.0
Tyrion Davis-Price,PHI,RB,2.5,-67.6,-75.1,-94.7,,,,384.0
CeeDee Lamb,DAL,WR,265.6,136.4,188.0,168.4,CeeDee,Lamb,DAL,3.1
Tyreek Hill,MIA,WR,264.4,135.2,186.8,167.2,Tyreek,Hill,MIA,2.7
Ja'Marr Chase,CIN,WR,237.90000000000003,108.7,160.3,140.7,Ja'Marr,Chase,CIN,5.6
Justin Jefferson,MIN,WR,237.5,108.3,159.9,140.3,Justin,Jefferson,MIN,4.9
Amon-Ra St Brown,DET,WR,241.7,112.5,164.1,144.5,Amon-Ra,St. Brown,DET,6.8
AJ Brown,PHI,WR,223.9,94.7,146.3,126.7,A.J.,Brown,PHI,9.1
Puka Nacua,LAR,WR,224.20000000000002,95.0,146.6,127.0,Puka,Nacua,LAR,17.3
Garrett Wilson,NYJ,WR,214.4,85.2,136.8,117.2,Garrett,Wilson,NYJ,11.7
Deebo Samuel,SF,WR,192.2,63.0,114.6,95.0,Deebo,Samuel,SF,33.3
Mike Evans,TB,WR,197.70000000000002,68.5,120.1,100.5,Mike,Evans,TB,29.4
Nico Collins,HOU,WR,197.0,67.8,119.4,99.8,Nico,Collins,HOU,31.1
Chris Olave,NO,WR,200.70000000000002,71.5,123.1,103.5,Chris,Olave,NO,23.4
Marvin Harrison,ARI,WR,195.7,66.5,118.1,98.5,Marvin,Harrison,ARI,15.4
Brandon Aiyuk,SF,WR,192.9,63.7,115.3,95.7,Brandon,Aiyuk,SF,26.6
Drake London,ATL,WR,199.60000000000002,70.4,122.0,102.4,Drake,London,ATL,19.7
DK Metcalf,SEA,WR,191.1,61.9,113.5,93.9,DK,Metcalf,SEA,43.1
Davante Adams,LV,WR,195.5,66.3,117.9,98.3,Davante,Adams,LV,17.6
Cooper Kupp,LAR,WR,192.2,63.0,114.6,95.0,Cooper,Kupp,LAR,39.0
DeVonta Smith,PHI,WR,192.3,63.1,114.7,95.1,DeVonta,Smith,PHI,48.7
Jaylen Waddle,MIA,WR,184.9,55.7,107.3,87.7,Jaylen,Waddle,MIA,36.0
DJ Moore,CHI,WR,186.2,57.0,108.6,89.0,DJ,Moore,CHI,37.1
Amari Cooper,CLE,WR,183.20000000000002,54.0,105.6,86.0,Amari,Cooper,CLE,59.6
Tee Higgins,CIN,WR,180.20000000000002,51.0,102.6,83.0,Tee,Higgins,CIN,60.1
George Pickens,PIT,WR,181.5,52.3,103.9,84.3,George,Pickens,PIT,57.0
Tank Dell,HOU,WR,178.5,49.3,100.9,81.3,Tank,Dell,HOU,54.0
Stefon Diggs,HOU,WR,180.6,51.4,103.0,83.4,Stefon,Diggs,HOU,32.2
Malik Nabers,NYG,WR,176.60000000000002,47.4,99.0,79.4,Malik,Nabers,NYG,44.0
Calvin Ridley,TEN,WR,170.3,41.1,92.7,73.1,Calvin,Ridley,TEN,83.4
Zay Flowers,BAL,WR,174.5,45.3,96.9,77.3,Zay,Flowers,BAL,52.7
Rashee Rice,KC,WR,176.60000000000002,47.4,99.0,79.4,Rashee,Rice,KC,69.7
Michael Pittman,IND,WR,182.5,53.3,104.9,85.3,Michael,Pittman,IND,40.8
Chris Godwin,TB,WR,172.4,43.2,94.8,75.2,Chris,Godwin,TB,75.0
Christian Kirk,JAX,WR,169.4,40.2,91.8,72.2,Christian,Kirk,JAX,66.6
Jayden Reed,GB,WR,155.0,25.8,77.4,57.8,Jayden,Reed,GB,74.6
Terry McLaurin,WAS,WR,163.10000000000002,33.9,85.5,65.9,Terry,McLaurin,WAS,68.7
Diontae Johnson,CAR,WR,157.2,28.0,79.6,60.0,Diontae,Johnson,CAR,95.0
Christian Watson,GB,WR,148.9,19.7,71.3,51.7,Christian,Watson,GB,103.8
Keenan Allen,CHI,WR,157.6,28.4,80.0,60.4,Keenan,Allen,CHI,64.3
Xavier Worthy,KC,WR,149.60000000000002,20.4,72.0,52.4,Xavier,Worthy,KC,76.7
Courtland Sutton,DEN,WR,151.5,22.3,73.9,54.3,Courtland,Sutton,DEN,116.8
DeAndre Hopkins,TEN,WR,147.3,18.1,69.7,50.1,DeAndre,Hopkins,TEN,96.9
Jordan Addison,MIN,WR,145.8,16.6,68.2,48.6,Jordan,Addison,MIN,85.1
Rome Odunze,CHI,WR,144.8,15.6,67.2,47.6,Rome,Odunze,CHI,72.6
Jameson Williams,DET,WR,133.2,4.0,55.6,36.0,Jameson,Williams,DET,111.2
Jaxon Smith-Njigba,SEA,WR,150.5,21.3,72.9,53.3,Jaxon,Smith-Njigba,SEA,100.8
Brian Thomas,JAX,WR,144.6,15.4,67.0,47.4,Brian,Thomas,JAX,104.6
Marquise Brown,KC,WR,140.5,11.3,62.9,43.3,,,,384.0
Ladd McConkey,LAC,WR,143.8,14.6,66.2,46.6,Ladd,McConkey,LAC,88.3
Jerry Jeudy,CLE,WR,140.10000000000002,10.9,62.5,42.9,Jerry,Jeudy,CLE,149.2
Gabe Davis,JAX,WR,129.0,-0.2,51.4,31.8,Gabe,Davis,JAX,164.2
Tyler Lockett,SEA,WR,139.1,9.9,61.5,41.9,Tyler,Lockett,SEA,123.9
Joshua Palmer,LAC,WR,133.8,4.6,56.2,36.6,Joshua,Palmer,LAC,151.8
Curtis Samuel,BUF,WR,133.4,4.2,55.8,36.2,Curtis,Samuel,BUF,117.4
Brandin Cooks,DAL,WR,129.2,0.0,51.6,32.0,Brandin,Cooks,DAL,171.8
Mike Williams,NYJ,WR,128.1,-1.1,50.5,30.9,Mike,Williams,NYJ,156.8
Khalil Shakir,BUF,WR,131.4,2.2,53.8,34.2,Khalil,Shakir,BUF,142.7
Jakobi Meyers,LV,WR,130.3,1.1,52.7,33.1,Jakobi,Meyers,LV,146.3
Keon Coleman,BUF,WR,130.4,1.2,52.8,33.2,Keon,Coleman,BUF,94.1
Rashid Shaheed,NO,WR,127.0,-2.2,49.4,29.8,Rashid,Shaheed,NO,165.2
Romeo Doubs,GB,WR,126.20000000000002,-3.0,48.6,29.0,Romeo,Doubs,GB,118.6
DeMario Douglas,NE,WR,127.4,-1.8,49.8,30.2,DeMario,Douglas,NE,195.4
Darnell Mooney,ATL,WR,120.5,-8.7,42.9,23.3,Darnell,Mooney,ATL,192.6
Adam Thielen,CAR,WR,128.3,-0.9,50.7,31.1,Adam,Thielen,CAR,172.7
John Stephens Jr,DAL,WR,118.60000000000001,-10.6,41.0,21.4,,,,384.0
Ja'Lynn Polk,NE,WR,119.60000000000001,-9.6,42.0,22.4,Ja'Lynn,Polk,NE,166.3
Dontayvion Wicks,GB,WR,108.8,-20.4,31.2,11.6,Dontayvion,Wicks,GB,179.5
Adonai Mitchell,IND,WR,108.1,-21.1,30.5,10.9,Adonai,Mitchell,IND,145.7
Michael Wilson,ARI,WR,107.70000000000002,-21.5,30.1,10.5,Michael,Wilson,ARI,216.7
Demarcus Robinson,LAR,WR,105.9,-23.3,28.3,8.7,Demarcus,Robinson,LAR,244.2
DJ Chark,LAC,WR,99.6,-29.6,22.0,2.4,DJ,Chark,LAC,256.2
Josh Downs,IND,WR,108.1,-21.1,30.5,10.9,Josh,Downs,IND,173.9
Rashod Bateman,BAL,WR,101.80000000000001,-27.4,24.2,4.6,Rashod,Bateman,BAL,211.2
Wan'Dale Robinson,NYG,WR,105.0,-24.2,27.4,7.8,Wan'Dale,Robinson,NYG,219.9
Darius Slayton,NYG,WR,100.80000000000001,-28.4,23.2,3.6,Darius,Slayton,NYG,278.2
Xavier Legette,CAR,WR,101.5,-27.7,23.9,4.3,Xavier,Legette,CAR,152.2
Josh Reynolds,DEN,WR,91.80000000000001,-37.4,14.2,-5.4,Josh,Reynolds,DEN,299.9
Marvin Mims,DEN,WR,88.9,-40.3,11.3,-8.3,Marvin,Mims,DEN,226.7
Jalen McMillan,TB,WR,92.60000000000001,-36.6,15.0,-4.6,Jalen,McMillan,TB,241.8
Quentin Johnston,LAC,WR,89.0,-40.2,11.4,-8.2,Quentin,Johnston,LAC,195.2
Jalin Hyatt,NYG,WR,87.5,-41.7,9.9,-9.7,Jalin,Hyatt,NYG,265.8
Kendrick Bourne,NE,WR,86.3,-42.9,8.7,-10.9,Kendrick,Bourne,NE,281.7
Tyler Boyd,TEN,WR,87.4,-41.8,9.8,-9.8,Tyler,Boyd,TEN,242.9
Tim Patrick,DET,WR,84.6,-44.6,7.0,-12.6,,,,384.0
Roman Wilson,PIT,WR,79.5,-49.7,1.9,-17.7,Roman,Wilson,PIT,201.4
Jalen Tolbert,DAL,WR,83.10000000000001,-46.1,5.5,-14.1,Jalen,Tolbert,DAL,249.1
Jahan Dotson,PHI,WR,79.3,-49.9,1.7,-17.9,Jahan,Dotson,PHI,187.2
Andrei Iosivas,CIN,WR,78.8,-50.4,1.2,-18.4,Andrei,Iosivas,CIN,384.0
Jermaine Burton,CIN,WR,73.7,-55.5,-3.9,-23.5,Jermaine,Burton,CIN,209.4
Tre Tucker,LV,WR,75.80000000000001,-53.4,-1.8,-21.4,Tre,Tucker,LV,291.0
Ray-Ray McCloud III,ATL,WR,72.0,-57.2,-5.6,-25.2,,,,384.0
Greg Dortch,ARI,WR,76.5,-52.7,-1.1,-20.7,Greg,Dortch,ARI,248.0
Troy Franklin,DEN,WR,74.0,-55.2,-3.6,-23.2,Troy,Franklin,DEN,190.6
Ricky Pearsall,SF,WR,74.80000000000001,-54.4,-2.8,-22.4,Ricky,Pearsall,SF,184.7
Noah Brown,WAS,WR,75.0,-54.2,-2.6,-22.2,,,,384.0
Elijah Moore,CLE,WR,74.7,-54.5,-2.9,-22.5,Elijah,Moore,CLE,276.2
Malachi Corley,NYJ,WR,72.30000000000001,-56.9,-5.3,-24.9,Malachi,Corley,NYJ,223.0
Luke McCaffrey,WAS,WR,72.4,-56.8,-5.2,-24.8,Luke,McCaffrey,WAS,214.6
Jonathan Mingo,CAR,WR,72.5,-56.7,-5.1,-24.7,Jonathan,Mingo,CAR,298.2
Dyami Brown,WAS,WR,66.8,-62.4,-10.8,-30.4,,,,384.0
Odell Beckham,MIA,WR,63.599999999999994,-65.6,-14.0,-33.6,Odell,Beckham,MIA,251.8
Kalif Raymond,DET,WR,58.1,-71.1,-19.5,-39.1,,,,384.0
Cedrick Wilson Jr,NO,WR,58.2,-71.0,-19.4,-39.0,,,,384.0
Alec Pierce,IND,WR,60.300000000000004,-68.9,-17.3,-36.9,Alec,Pierce,IND,384.0
Treylon Burks,TEN,WR,57.0,-72.2,-20.6,-40.2,Treylon,Burks,TEN,384.0
Trey Palmer,TB,WR,60.4,-68.8,-17.2,-36.8,Trey,Palmer,TB,384.0
AT Perry,NO,WR,54.4,-74.8,-23.2,-42.8,A.T.,Perry,NO,282.8
KaVontae Turpin,DAL,WR,49.7,-79.5,-27.9,-47.5,,,,384.0
Jalen Nailor,MIN,WR,53.6,-75.6,-24.0,-43.6,,,,384.0
Van Jefferson,PIT,WR,51.1,-78.1,-26.5,-46.1,Van,Jefferson,PIT,384.0
Zay Jones,ARI,WR,57.6,-71.6,-20.0,-39.6,Zay,Jones,ARI,265.3
Calvin Austin,PIT,WR,51.5,-77.7,-26.1,-45.7,Calvin,Austin,PIT,384.0
Cedric Tillman,CLE,WR,54.9,-74.3,-22.7,-42.3,Cedric,Tillman,CLE,384.0
Jauan Jennings,SF,WR,54.6,-74.6,-23.0,-42.6,Jauan,Jennings,SF,384.0
Nelson Agholor,BAL,WR,52.8,-76.4,-24.8,-44.4,,,,384.0
KJ Osborn,NE,WR,48.1,-81.1,-29.5,-49.1,K.J.,Osborn,NE,293.5
Devontez Walker,BAL,WR,50.6,-78.6,-27.0,-46.6,Devontez,Walker,BAL,267.2
KhaDarel Hodge,ATL,WR,43.2,-86.0,-34.4,-54.0,,,,384.0
Olamide Zaccheaus,WAS,WR,44.5,-84.7,-33.1,-52.7,,,,384.0
Javon Baker,NE,WR,44.6,-84.6,-33.0,-52.6,Javon,Baker,NE,228.4
Allen Lazard,NYJ,WR,40.400000000000006,-88.8,-37.2,-56.8,,,,384.0
Xavier Gipson,NYJ,WR,40.8,-88.4,-36.8,-56.4,Xavier,Gipson,NYJ,384.0
John Metchie,HOU,WR,39.2,-90.0,-38.4,-58.0,John,Metchie,HOU,384.0
Trenton Irwin,CIN,WR,38.1,-91.1,-39.5,-59.1,,,,384.0
JuJu Smith-Schuster,KC,WR,38.9,-90.3,-38.7,-58.3,,,,384.0
Parker Washington,JAX,WR,38.1,-91.1,-39.5,-59.1,,,,384.0
Tutu Atwell,LAR,WR,38.800000000000004,-90.4,-38.8,-58.4,Tutu,Atwell,LAR,384.0
Tyquan Thornton,NE,WR,34.6,-94.6,-43.0,-62.6,,,,384.0
Mack Hollins,BUF,WR,31.5,-97.7,-46.1,-65.7,,,,384.0
DJ Montgomery,IND,WR,33.800000000000004,-95.4,-43.8,-63.4,,,,384.0
Jake Bobo,SEA,WR,30.9,-98.3,-46.7,-66.3,,,,384.0
Isaiah Hodgins,NYG,WR,31.700000000000003,-97.5,-45.9,-65.5,,,,384.0
David Bell,CLE,WR,29.3,-99.9,-48.3,-67.9,,,,384.0
Justin Watson,KC,WR,29.2,-100.0,-48.4,-68.0,,,,384.0
Rakim Jarrett,TB,WR,31.5,-97.7,-46.1,-65.7,,,,384.0
Donovan Peoples-Jones,DET,WR,31.0,-98.2,-46.6,-66.2,,,,384.0
Malik Washington,MIA,WR,29.0,-100.2,-48.6,-68.2,Malik,Washington,MIA,279.2
Isaiah Williams,DET,WR,28.6,-100.6,-49.0,-68.6,,,,384.0
Trent Sherfield Sr,MIN,WR,29.2,-100.0,-48.4,-68.0,,,,384.0
Marquez Valdes-Scantling,BUF,WR,26.1,-103.1,-51.5,-71.1,Marquez,Valdes-Scantling,BUF,384.0
Bub Means,NO,WR,28.5,-100.7,-49.1,-68.7,Bub,Means,NO,384.0
Parris Campbell,PHI,WR,28.700000000000003,-100.5,-48.9,-68.5,,,,384.0
Brandon Powell,MIN,WR,22.700000000000003,-106.5,-54.9,-74.5,,,,384.0
Ainias Smith,PHI,WR,26.200000000000003,-103.0,-51.4,-71.0,Ainias,Smith,PHI,384.0
Jamari Thrash,CLE,WR,26.200000000000003,-103.0,-51.4,-71.0,Jamari,Thrash,CLE,384.0
Ryan Flournoy,DAL,WR,26.1,-103.1,-51.5,-71.1,Ryan,Flournoy,DAL,384.0
Jacob Cowing,SF,WR,25.5,-103.7,-52.1,-71.7,Jacob,Cowing,SF,384.0
Braxton Berrios,MIA,WR,21.2,-108.0,-56.4,-76.0,,,,384.0
Johnny Wilson,PHI,WR,19.7,-109.5,-57.9,-77.5,Johnny,Wilson,PHI,384.0
Nick Westbrook-Ikhine,TEN,WR,19.4,-109.8,-58.2,-77.8,,,,384.0
Marcus Rosemy-Jacksaint,PHI,WR,24.200000000000003,-105.0,-53.4,-73.0,,,,384.0
Devaughn Vele,DEN,WR,19.4,-109.8,-58.2,-77.8,,,,384.0
Tahj Washington,MIA,WR,24.6,-104.6,-53.0,-72.6,,,,384.0
Brandon Johnson,PIT,WR,24.1,-105.1,-53.5,-73.1,,,,384.0
Nikko Remigio,KC,WR,24.0,-105.2,-53.6,-73.2,,,,384.0
KJ Hamler,BUF,WR,23.5,-105.7,-54.1,-73.7,,,,384.0
Quez Watkins,PIT,WR,23.5,-105.7,-54.1,-73.7,,,,384.0
Michael Woods II,CLE,WR,22.8,-106.4,-54.8,-74.4,,,,384.0
Tejhaun Palmer,ARI,WR,23.700000000000003,-105.5,-53.9,-73.5,,,,384.0
Jordan Whittington,LAR,WR,17.9,-111.3,-59.7,-79.3,,,,384.0
Isaiah McKenzie,NYG,WR,23.200000000000003,-106.0,-54.4,-74.0,,,,384.0
Allen Robinson II,DET,WR,23.200000000000003,-106.0,-54.4,-74.0,,,,384.0
Ben Skowronek,PIT,WR,22.0,-107.2,-55.6,-75.2,,,,384.0
Tyler Scott,CHI,WR,15.900000000000002,-113.3,-61.7,-81.3,,,,384.0
Justyn Ross,KC,WR,20.3,-108.9,-57.3,-76.9,,,,384.0
Jamison Crowder,WAS,WR,17.8,-111.4,-59.8,-79.4,,,,384.0
Derius Davis,LAC,WR,15.4,-113.8,-62.2,-81.8,,,,384.0
Equanimeous St Brown,NO,WR,19.0,-110.2,-58.6,-78.2,,,,384.0
Casey Washington,ATL,WR,14.5,-114.7,-63.1,-82.7,,,,384.0
Jalen Brooks,DAL,WR,16.1,-113.1,-61.5,-81.1,,,,384.0
Skyy Moore,KC,WR,14.2,-115.0,-63.4,-83.0,,,,384.0
David Moore,CAR,WR,14.9,-114.3,-62.7,-82.3,,,,384.0
Devin Duvernay,JAX,WR,14.4,-114.8,-63.2,-82.8,,,,384.0
Jalen Reagor,NE,WR,12.7,-116.5,-64.9,-84.5,,,,384.0
Robert Woods,HOU,WR,13.0,-116.2,-64.6,-84.2,,,,384.0
Brenden Rice,LAC,WR,12.400000000000002,-116.8,-65.2,-84.8,Brenden,Rice,LAC,263.4
Chris Moore,ARI,WR,13.0,-116.2,-64.6,-84.2,,,,384.0
Zach Pascal,ARI,WR,11.5,-117.7,-66.1,-85.7,,,,384.0
Mason Tipton,NO,WR,12.1,-117.1,-65.5,-85.1,,,,384.0
Kayshon Boutte,NE,WR,11.8,-117.4,-65.8,-85.4,,,,384.0
Robbie Chosen,MIA,WR,11.100000000000001,-118.1,-66.5,-86.1,,,,384.0
Xavier Hutchinson,HOU,WR,11.3,-117.9,-66.3,-85.9,,,,384.0
Mecole Hardman Jr,KC,WR,10.4,-118.8,-67.2,-86.8,,,,384.0
Anthony Gould,IND,WR,11.0,-118.2,-66.6,-86.2,,,,384.0
Deonte Harty,BAL,WR,11.2,-118.0,-66.4,-86.0,,,,384.0
Jalen Guyton,LV,WR,11.100000000000001,-118.1,-66.5,-86.1,,,,384.0
Charlie Jones,CIN,WR,11.4,-117.8,-66.2,-85.8,,,,384.0
Ashton Dulin,IND,WR,10.7,-118.5,-66.9,-86.5,,,,384.0
Ronnie Bell,SF,WR,11.0,-118.2,-66.6,-86.2,,,,384.0
Jason Brownlee,NYJ,WR,10.9,-118.3,-66.7,-86.3,,,,384.0
Laviska Shenault Jr,SEA,WR,11.5,-117.7,-66.1,-85.7,,,,384.0
Chris Conley,SF,WR,9.4,-119.8,-68.2,-87.8,,,,384.0
Bo Melton,GB,WR,9.9,-119.3,-67.7,-87.3,,,,384.0
Bryce Ford-Wheaton,NYG,WR,10.9,-118.3,-66.7,-86.3,,,,384.0
River Cracraft,MIA,WR,12.3,-116.9,-65.3,-84.9,,,,384.0
Tim Jones,JAX,WR,7.800000000000001,-121.4,-69.8,-89.4,,,,384.0
Malik Heath,GB,WR,7.700000000000001,-121.5,-69.9,-89.5,,,,384.0
Scotty Miller,PIT,WR,9.5,-119.7,-68.1,-87.7,,,,384.0
Dareke Young,SEA,WR,8.4,-120.8,-69.2,-88.8,,,,384.0
Tre'Quan Smith,DET,WR,12.9,-116.3,-64.7,-84.3,,,,384.0
Britain Covey,PHI,WR,8.2,-121.0,-69.4,-89.0,,,,384.0
Terrace Marshall Jr,SF,WR,9.3,-119.9,-68.3,-87.9,,,,384.0
Dee Eskridge,MIA,WR,8.200000000000001,-121.0,-69.4,-89.0,,,,384.0
Gunner Olszewski,NYG,WR,6.4,-122.8,-71.2,-90.8,,,,384.0
DJ Turner,LV,WR,5.2,-124.0,-72.4,-92.0,,,,384.0
Tylan Wallace,BAL,WR,5.800000000000001,-123.4,-71.8,-91.4,,,,384.0
Velus Jones Jr,CHI,WR,3.9,-125.3,-73.7,-93.3,,,,384.0
Irvin Charles,NYJ,WR,3.9000000000000004,-125.3,-73.7,-93.3,,,,384.0
Jha'Quan Jackson,TEN,WR,6.1000000000000005,-123.1,-71.5,-91.1,,,,384.0
Kyle Philips,PHI,WR,6.1,-123.1,-71.5,-91.1,,,,384.0
Tyler Johnson,LAR,WR,3.5,-125.7,-74.1,-93.7,,,,384.0
Montrell Washington,KC,WR,2.6,-126.6,-75.0,-94.6,,,,384.0
Simi Fehoko,LAC,WR,2.5,-126.7,-75.1,-94.7,,,,384.0
Cody White,SEA,WR,2.4000000000000004,-126.8,-75.2,-94.8,,,,384.0
Trishton Jackson,MIN,WR,2.3,-126.9,-75.3,-94.9,,,,384.0
Kristian Wilkerson,LV,WR,2.2,-127.0,-75.4,-95.0,,,,384.0
DeAndre Carter,CHI,WR,3.7,-125.5,-73.9,-93.5,,,,384.0
David Sills V,DEN,WR,2.1,-127.1,-75.5,-95.1,,,,384.0
Byron Pringle,WAS,WR,2.4,-126.8,-75.2,-94.8,,,,384.0
Travis Kelce,KC,TE,143.4,42.8,65.8,46.2,Travis,Kelce,KC,20.8
Sam LaPorta,DET,TE,135.60000000000002,35.0,58.0,38.4,Sam,LaPorta,DET,24.8
Mark Andrews,BAL,TE,125.9,25.3,48.3,28.7,Mark,Andrews,BAL,45.8
George Kittle,SF,TE,123.60000000000001,23.0,46.0,26.4,George,Kittle,SF,53.2
Trey McBride,ARI,TE,133.4,32.8,55.8,36.2,Trey,McBride,ARI,46.0
Kyle Pitts,ATL,TE,123.10000000000001,22.5,45.5,25.9,Kyle,Pitts,ATL,55.3
Dalton Kincaid,BUF,TE,125.60000000000001,25.0,48.0,28.4,Dalton,Kincaid,BUF,51.6
Jake Ferguson,DAL,TE,111.10000000000001,10.5,33.5,13.9,Jake,Ferguson,DAL,86.6
David Njoku,CLE,TE,112.2,11.6,34.6,15.0,David,Njoku,CLE,84.0
Evan Engram,JAX,TE,123.10000000000001,22.5,45.5,25.9,Evan,Engram,JAX,67.6
Brock Bowers,LV,TE,100.60000000000001,0.0,23.0,3.4,Brock,Bowers,LV,79.8
Dallas Goedert,PHI,TE,103.5,2.9,25.9,6.3,Dallas,Goedert,PHI,102.2
Dalton Schultz,HOU,TE,90.7,-9.9,13.1,-6.5,Dalton,Schultz,HOU,106.7
Taysom Hill,NO,TE,42.2,-58.4,-35.4,-55.0,Taysom,Hill,NO,183.2
Pat Freiermuth,PIT,TE,86.2,-14.4,8.6,-11.0,Pat,Freiermuth,PIT,125.8
Hunter Henry,NE,TE,76.0,-24.6,-1.6,-21.2,Hunter,Henry,NE,188.0
Cole Kmet,CHI,TE,77.30000000000001,-23.3,-0.3,-19.9,Cole,Kmet,CHI,121.5
TJ Hockenson,MIN,TE,85.6,-15.0,8.0,-11.6,T.J.,Hockenson,MIN,110.2
Tyler Conklin,NYJ,TE,81.2,-19.4,3.6,-16.0,Tyler,Conklin,NYJ,193.4
Cade Otton,TB,TE,75.0,-25.6,-2.6,-22.2,Cade,Otton,TB,174.0
Luke Musgrave,GB,TE,74.7,-25.9,-2.9,-22.5,Luke,Musgrave,GB,153.5
Juwan Johnson,NO,TE,67.80000000000001,-32.8,-9.8,-29.4,Juwan,Johnson,NO,271.4
Isaiah Likely,BAL,TE,61.800000000000004,-38.8,-15.8,-35.4,Isaiah,Likely,BAL,181.0
Chigoziem Okonkwo,TEN,TE,76.30000000000001,-24.3,-1.3,-20.9,Chigoziem,Okonkwo,TEN,213.8
Noah Fant,SEA,TE,72.30000000000001,-28.3,-5.3,-24.9,Noah,Fant,SEA,216.9
Jonnu Smith,MIA,TE,61.2,-39.4,-16.4,-36.0,Jonnu,Smith,MIA,230.5
Hayden Hurst,LAC,TE,60.0,-40.6,-17.6,-37.2,Hayden,Hurst,LAC,275.8
Mike Gesicki,CIN,TE,54.2,-46.4,-23.4,-43.0,Mike,Gesicki,CIN,218.5
Ben Sinnott,WAS,TE,56.300000000000004,-44.3,-21.3,-40.9,Ben,Sinnott,WAS,170.8
Zach Ertz,WAS,TE,54.4,-46.2,-23.2,-42.8,Zach,Ertz,WAS,258.2
Dawson Knox,BUF,TE,45.2,-55.4,-32.4,-52.0,Dawson,Knox,BUF,251.6
Tucker Kraft,GB,TE,51.1,-49.5,-26.5,-46.1,Tucker,Kraft,GB,262.5
Greg Dulcich,DEN,TE,54.7,-45.9,-22.9,-42.5,Greg,Dulcich,DEN,258.0
Theo Johnson,NYG,TE,53.0,-47.6,-24.6,-44.2,Theo,Johnson,NYG,244.1
Kylen Granson,IND,TE,49.800000000000004,-50.8,-27.8,-47.4,,,,384.0
Gerald Everett,CHI,TE,47.2,-53.4,-30.4,-50.0,Gerald,Everett,CHI,384.0
Tyler Higbee,LAR,TE,48.800000000000004,-51.8,-28.8,-48.4,Tyler,Higbee,LAR,296.4
Ja'Tavion Sanders,CAR,TE,46.6,-54.0,-31.0,-50.6,Ja'Tavion,Sanders,CAR,221.4
Michael Mayer,LV,TE,46.8,-53.8,-30.8,-50.4,Michael,Mayer,LV,268.7
Colby Parkinson,LAR,TE,43.8,-56.8,-33.8,-53.4,Colby,Parkinson,LAR,254.0
Tommy Tremble,CAR,TE,40.6,-60.0,-37.0,-56.6,,,,384.0
Daniel Bellinger,NYG,TE,45.7,-54.9,-31.9,-51.5,Daniel,Bellinger,NYG,279.7
Noah Gray,KC,TE,35.2,-65.4,-42.4,-62.0,,,,384.0
Will Dissly,LAC,TE,36.3,-64.3,-41.3,-60.9,,,,384.0
Mo Alie-Cox,IND,TE,28.8,-71.8,-48.8,-68.4,Mo,Alie-Cox,IND,384.0
Brevin Jordan,HOU,TE,25.8,-74.8,-51.8,-71.4,,,,384.0
Josh Oliver,MIN,TE,29.0,-71.6,-48.6,-68.2,,,,384.0
Durham Smythe,MIA,TE,29.1,-71.5,-48.5,-68.1,,,,384.0
Jaheim Bell,NE,TE,25.7,-74.9,-51.9,-71.5,Jaheim,Bell,NE,384.0
Adam Trautman,DEN,TE,25.8,-74.8,-51.8,-71.4,,,,384.0
Brock Wright,DET,TE,25.3,-75.3,-52.3,-71.9,,,,384.0
Tanner Hudson,CIN,TE,26.1,-74.5,-51.5,-71.1,,,,384.0
Austin Hooper,NE,TE,27.900000000000002,-72.7,-49.7,-69.3,,,,384.0
Jeremy Ruckert,NYJ,TE,25.0,-75.6,-52.6,-72.2,,,,384.0
Donald Parham Jr,DEN,TE,22.5,-78.1,-55.1,-74.7,,,,384.0
Elijah Higgins,ARI,TE,26.2,-74.4,-51.4,-71.0,,,,384.0
Johnny Mundt,MIN,TE,26.900000000000002,-73.7,-50.7,-70.3,,,,384.0
Robert Tonyan,MIN,TE,23.3,-77.3,-54.3,-73.9,,,,384.0
Darnell Washington,PIT,TE,22.6,-78.0,-55.0,-74.6,,,,384.0
Luke Schoonmaker,DAL,TE,18.8,-81.8,-58.8,-78.4,,,,384.0
Josh Whyle,TEN,TE,19.200000000000003,-81.4,-58.4,-78.0,,,,384.0
Davis Allen,LAR,TE,19.4,-81.2,-58.2,-77.8,,,,384.0
Foster Moreau,NO,TE,18.8,-81.8,-58.8,-78.4,,,,384.0
Jordan Akins,CLE,TE,18.9,-81.7,-58.7,-78.3,,,,384.0
Devin Culp,TB,TE,18.9,-81.7,-58.7,-78.3,,,,384.0
Tanner McLachlan,CIN,TE,18.700000000000003,-81.9,-58.9,-78.5,,,,384.0
Pharaoh Brown,SEA,TE,18.1,-82.5,-59.5,-79.1,,,,384.0
Will Mallory,IND,TE,18.6,-82.0,-59.0,-78.6,,,,384.0
AJ Barner,SEA,TE,17.3,-83.3,-60.3,-79.9,,,,384.0
Stone Smartt,LAC,TE,16.700000000000003,-83.9,-60.9,-80.5,,,,384.0
Connor Heyward,PIT,TE,20.0,-80.6,-57.6,-77.2,,,,384.0
Jared Wiley,KC,TE,16.700000000000003,-83.9,-60.9,-80.5,Jared,Wiley,KC,384.0
Drew Ogletree,IND,TE,15.9,-84.7,-61.7,-81.3,,,,384.0
Ian Thomas,CAR,TE,18.9,-81.7,-58.7,-78.3,,,,384.0
Travis Vokolek,ARI,TE,16.200000000000003,-84.4,-61.4,-81.0,,,,384.0
Jack Stoll,PHI,TE,14.5,-86.1,-63.1,-82.7,,,,384.0
Brenton Strange,JAX,TE,14.200000000000001,-86.4,-63.4,-83.0,,,,384.0
Cade Stover,HOU,TE,15.5,-85.1,-62.1,-81.7,Cade,Stover,HOU,384.0
Erick All,CIN,TE,15.3,-85.3,-62.3,-81.9,Erick,All,CIN,384.0
Cameron Latu,CLE,TE,15.8,-84.8,-61.8,-81.4,,,,384.0
Tip Reiman,ARI,TE,14.9,-85.7,-62.7,-82.3,,,,384.0
Lucas Krull,DEN,TE,14.8,-85.8,-62.8,-82.4,,,,384.0
Albert Okwuegbunam Jr,PHI,TE,12.700000000000001,-87.9,-64.9,-84.5,,,,384.0
Dallin Holker,NO,TE,14.0,-86.6,-63.6,-83.2,,,,384.0
Payne Durham,TB,TE,14.100000000000001,-86.5,-63.5,-83.1,,,,384.0
Drew Sample,CIN,TE,14.4,-86.2,-63.2,-82.8,,,,384.0
MyCole Pruitt,PIT,TE,10.2,-90.4,-67.4,-87.0,MyCole,Pruitt,PIT,283.0
Grant Calcaterra,PHI,TE,12.5,-88.1,-65.1,-84.7,,,,384.0
Luke Farrell,JAX,TE,12.700000000000001,-87.9,-64.9,-84.5,,,,384.0
Ross Dwelley,ATL,TE,11.3,-89.3,-66.3,-85.9,,,,384.0
Quintin Morris,BUF,TE,9.5,-91.1,-68.1,-87.7,,,,384.0
Peyton Hendershot,KC,TE,11.2,-89.4,-66.4,-86.0,,,,384.0
Harrison Bryant,LV,TE,10.8,-89.8,-66.8,-86.4,,,,384.0
Brenden Bates,NYJ,TE,10.600000000000001,-90.0,-67.0,-86.6,,,,384.0
Hunter Long,LAR,TE,9.4,-91.2,-68.2,-87.8,,,,384.0
John Bates,WAS,TE,11.600000000000001,-89.0,-66.0,-85.6,,,,384.0
Marcedes Lewis,CHI,TE,8.9,-91.7,-68.7,-88.3,,,,384.0
Ben Sims,GB,TE,7.4,-93.2,-70.2,-89.8,,,,384.0
John Stephens Jr,DAL,TE,9.3,-91.3,-68.3,-87.9,,,,384.0
Charlie Kolar,BAL,TE,8.8,-91.8,-68.8,-88.4,,,,384.0
Ko Kieft,TB,TE,6.6000000000000005,-94.0,-71.0,-90.6,,,,384.0
Brady Russell,SEA,TE,7.300000000000001,-93.3,-70.3,-89.9,,,,384.0
Nate Adkins,DEN,TE,7.2,-93.4,-70.4,-90.0,,,,384.0
Julian Hill,MIA,TE,7.300000000000001,-93.3,-70.3,-89.9,,,,384.0
Eric Saubert,SF,TE,8.7,-91.9,-68.9,-88.5,,,,384.0
Charlie Woerner,ATL,TE,9.3,-91.3,-68.3,-87.9,,,,384.0
Anthony Firkser,NYJ,TE,6.1000000000000005,-94.5,-71.5,-91.1,,,,384.0
Parker Hesse,DET,TE,5.1,-95.5,-72.5,-92.1,,,,384.0
Josiah Deguara,JAX,TE,7.6000000000000005,-93.0,-70.0,-89.6,,,,384.0
Nick Muse,MIN,TE,5.0,-95.6,-72.6,-92.2,,,,384.0
Chris Manhertz,NYG,TE,7.1000000000000005,-93.5,-70.5,-90.1,,,,384.0
Kenny Yeboah,NYJ,TE,4.300000000000001,-96.3,-73.3,-92.9,,,,384.0
Teagan Quitoriano,HOU,TE,3.2,-97.4,-74.4,-94.0,,,,384.0
Stephen Carlson,CHI,TE,2.9000000000000004,-97.7,-74.7,-94.3,,,,384.0
Tommy Hudson,NO,TE,2.9000000000000004,-97.7,-74.7,-94.3,,,,384.0
Jake Tonges,SF,TE,2.2,-98.4,-75.4,-95.0,,,,384.0
Mitchell Wilcox,NE,TE,3.9000000000000004,-96.7,-73.7,-93.3,,,,384.0
Younghoe Koo,ATL,K,146.0,18.0,18.0,18.0,Younghoe,Koo,ATL,142.8
Justin Tucker,BAL,K,141.0,13.0,13.0,13.0,Justin,Tucker,BAL,132.6
Harrison Butker,KC,K,138.0,10.0,10.0,10.0,Harrison,Butker,KC,134.6
Brandon Aubrey,DAL,K,138.0,10.0,10.0,10.0,Brandon,Aubrey,DAL,138.8
Jake Elliott,PHI,K,135.0,7.0,7.0,7.0,Jake,Elliott,PHI,159.7
Jason Myers,SEA,K,133.0,5.0,5.0,5.0,Jason,Myers,SEA,215.5
Cameron Dicker,LAC,K,131.0,3.0,3.0,3.0,Cameron,Dicker,LAC,164.1
Ka'imi Fairbairn,HOU,K,131.0,3.0,3.0,3.0,Ka'imi,Fairbairn,HOU,163.9
Blake Grupe,NO,K,130.0,2.0,2.0,2.0,,,,384.0
Greg Zuerlein,NYJ,K,129.0,1.0,1.0,1.0,,,,384.0
Evan McPherson,CIN,K,128.0,0.0,0.0,0.0,Evan,McPherson,CIN,139.1
Tyler Bass,BUF,K,128.0,0.0,0.0,0.0,Tyler,Bass,BUF,165.4
Cairo Santos,CHI,K,128.0,0.0,0.0,0.0,,,,384.0
Jake Moody,SF,K,127.0,-1.0,-1.0,-1.0,Jake,Moody,SF,160.5
Matt Gay,IND,K,127.0,-1.0,-1.0,-1.0,Matt,Gay,IND,384.0
Brayden Narveson,GB,K,126.0,-2.0,-2.0,-2.0,,,,384.0
Jason Sanders,MIA,K,126.0,-2.0,-2.0,-2.0,Jason,Sanders,MIA,188.7
Chase McLaughlin,TB,K,122.0,-6.0,-6.0,-6.0,,,,384.0
Matt Prater,ARI,K,121.0,-7.0,-7.0,-7.0,,,,384.0
Dustin Hopkins,CLE,K,121.0,-7.0,-7.0,-7.0,,,,384.0
Cam Little,JAX,K,121.0,-7.0,-7.0,-7.0,,,,384.0
Jake Bates,DET,K,120.0,-8.0,-8.0,-8.0,,,,384.0
Joshua Karty,LAR,K,120.0,-8.0,-8.0,-8.0,,,,384.0
Chris Boswell,PIT,K,114.0,-14.0,-14.0,-14.0,,,,384.0
Nick Folk,TEN,K,114.0,-14.0,-14.0,-14.0,,,,384.0
Wil Lutz,DEN,K,113.0,-15.0,-15.0,-15.0,,,,384.0
Daniel Carlson,LV,K,113.0,-15.0,-15.0,-15.0,Daniel,Carlson,LV,219.2
Will Reichard,MIN,K,108.0,-20.0,-20.0,-20.0,,,,384.0
Eddy Pineiro,CAR,K,107.0,-21.0,-21.0,-21.0,,,,384.0
Cade York,WAS,K,106.0,-22.0,-22.0,-22.0,,,,384.0
Graham Gano,NYG,K,104.0,-24.0,-24.0,-24.0,,,,384.0
Joey Slye,NE,K,96.0,-32.0,-32.0,-32.0,,,,384.0
Dallas Cowboys,Dallas Cowboys,DST,118.0,10.0,10.0,10.0,,,,384.0
Baltimore Ravens,Baltimore Ravens,DST,117.0,9.0,9.0,9.0,,,,384.0
New York Jets,New York Jets,DST,114.0,6.0,6.0,6.0,,,,384.0
Philadelphia Eagles,Philadelphia Eagles,DST,112.0,4.0,4.0,4.0,,,,384.0
Houston Texans,Houston Texans,DST,112.0,4.0,4.0,4.0,,,,384.0
Kansas City Chiefs,Kansas City Chiefs,DST,111.0,3.0,3.0,3.0,,,,384.0
Pittsburgh Steelers,Pittsburgh Steelers,DST,111.0,3.0,3.0,3.0,,,,384.0
San Francisco 49ers,San Francisco 49ers,DST,110.0,2.0,2.0,2.0,,,,384.0
Cleveland Browns,Cleveland Browns,DST,109.0,1.0,1.0,1.0,,,,384.0
Buffalo Bills,Buffalo Bills,DST,109.0,1.0,1.0,1.0,,,,384.0
Indianapolis Colts,Indianapolis Colts,DST,109.0,1.0,1.0,1.0,,,,384.0
Miami Dolphins,Miami Dolphins,DST,108.0,0.0,0.0,0.0,,,,384.0
Cincinnati Bengals,Cincinnati Bengals,DST,108.0,0.0,0.0,0.0,,,,384.0
Los Angeles Chargers,Los Angeles Chargers,DST,105.0,-3.0,-3.0,-3.0,,,,384.0
Jacksonville Jaguars,Jacksonville Jaguars,DST,105.0,-3.0,-3.0,-3.0,,,,384.0
Green Bay Packers,Green Bay Packers,DST,104.0,-4.0,-4.0,-4.0,,,,384.0
Atlanta Falcons,Atlanta Falcons,DST,104.0,-4.0,-4.0,-4.0,,,,384.0
Washington Commanders,Washington Commanders,DST,104.0,-4.0,-4.0,-4.0,,,,384.0
New York Giants,New York Giants,DST,104.0,-4.0,-4.0,-4.0,,,,384.0
New Orleans Saints,New Orleans Saints,DST,103.0,-5.0,-5.0,-5.0,,,,384.0
Seattle Seahawks,Seattle Seahawks,DST,103.0,-5.0,-5.0,-5.0,,,,384.0
Tampa Bay Buccaneers,Tampa Bay Buccaneers,DST,103.0,-5.0,-5.0,-5.0,,,,384.0
Las Vegas Raiders,Las Vegas Raiders,DST,102.0,-6.0,-6.0,-6.0,,,,384.0
Denver Broncos,Denver Broncos,DST,101.0,-7.0,-7.0,-7.0,,,,384.0
Chicago Bears,Chicago Bears,DST,101.0,-7.0,-7.0,-7.0,,,,384.0
Detroit Lions,Detroit Lions,DST,100.0,-8.0,-8.0,-8.0,,,,384.0
Minnesota Vikings,Minnesota Vikings,DST,99.0,-9.0,-9.0,-9.0,,,,384.0
Los Angeles Rams,Los Angeles Rams,DST,97.0,-11.0,-11.0,-11.0,,,,384.0
Tennessee Titans,Tennessee Titans,DST,96.0,-12.0,-12.0,-12.0,,,,384.0
Arizona Cardinals,Arizona Cardinals,DST,93.0,-15.0,-15.0,-15.0,,,,384.0
New England Patriots,New England Patriots,DST,92.0,-16.0,-16.0,-16.0,,,,384.0
Carolina Panthers,Carolina Panthers,DST,89.0,-19.0,-19.0,-19.0,,,,384.0
