Date,Redraft PPR ADP,Redraft SF ADP,Redraft Half PPR ADP,Player Team,Player First Name,Player Last Name,Fantasy Player Position,Positional Rank
21-Aug-24,1.2,2.8,1.5,SF,Christian,McCaffrey,RB,RB1
21-Aug-24,2.7,6.1,2.1,MIA,Tyreek,Hill,WR,WR1
21-Aug-24,3.1,5.1,3.9,DAL,CeeDee,Lamb,WR,WR2
21-Aug-24,4.9,9.7,4.3,MIN,Justin,Jefferson,WR,WR3
21-Aug-24,5.6,10.5,5.6,CIN,Ja'Marr,Chase,WR,WR4
21-Aug-24,6.5,13.5,6.1,ATL,Bijan,Robinson,RB,RB2
21-Aug-24,6.8,11.1,6.2,DET,Amon-Ra,St. Brown,WR,WR5
21-Aug-24,8.8,12.3,8.6,NYJ,Breece,Hall,RB,RB3
21-Aug-24,9.1,15.2,9.1,PHI,A.J.,Brown,WR,WR6
21-Aug-24,11.7,20.5,13.3,NYJ,Garrett,Wilson,WR,WR7
21-Aug-24,12.6,22.5,12.1,PHI,Saquon,Barkley,RB,RB4
21-Aug-24,12.7,18.8,10.3,DET,Jahmyr,Gibbs,RB,RB5
21-Aug-24,13.9,23.9,11.8,IND,Jonathan,Taylor,RB,RB6
21-Aug-24,15.4,23.1,14,ARI,Marvin,Harrison,WR,WR8
21-Aug-24,16.9,28.4,17.8,LAR,Kyren,Williams,RB,RB7
21-Aug-24,17.3,17.7,15.9,LAR,Puka,Nacua,WR,WR9
21-Aug-24,17.6,33.5,20.7,LV,Davante,Adams,WR,WR10
21-Aug-24,18.4,30.7,16.3,JAX,Travis,Etienne,RB,RB8
21-Aug-24,19.7,31.6,19.4,ATL,Drake,London,WR,WR11
21-Aug-24,20.5,34.4,18.6,BAL,Derrick,Henry,RB,RB9
21-Aug-24,20.8,27.9,25.6,KC,Travis,Kelce,TE,TE1
21-Aug-24,22.2,1.5,20.2,BUF,Josh,Allen,QB,QB1
21-Aug-24,23.4,31.8,22.6,NO,Chris,Olave,WR,WR12
21-Aug-24,24.8,26.6,30,DET,Sam,LaPorta,TE,TE2
21-Aug-24,25,44.2,23,MIA,De'Von,Achane,RB,RB10
21-Aug-24,26.6,35.6,26.4,SF,Brandon,Aiyuk,WR,WR13
21-Aug-24,27.5,41.3,24,GB,Josh,Jacobs,RB,RB11
21-Aug-24,27.6,45.6,27.4,KC,Isiah,Pacheco,RB,RB12
21-Aug-24,29.4,42.1,29.9,TB,Mike,Evans,WR,WR14
21-Aug-24,30.7,3.3,32.8,KC,Patrick,Mahomes,QB,QB2
21-Aug-24,31.1,53.5,33.5,HOU,Nico,Collins,WR,WR15
21-Aug-24,32.2,52.3,34.7,HOU,Stefon,Diggs,WR,WR16
21-Aug-24,33.3,55.3,27.4,SF,Deebo,Samuel,WR,WR17
21-Aug-24,34.4,7.8,36.3,BAL,Lamar,Jackson,QB,QB3
21-Aug-24,34.7,4.4,31.3,PHI,Jalen,Hurts,QB,QB4
21-Aug-24,36,46.7,34.9,MIA,Jaylen,Waddle,WR,WR18
21-Aug-24,37.1,54.7,38.6,CHI,DJ,Moore,WR,WR19
21-Aug-24,38.5,48,37.6,TB,Rachaad,White,RB,RB13
21-Aug-24,39,55.4,39.1,LAR,Cooper,Kupp,WR,WR20
21-Aug-24,40.8,43.7,44.7,IND,Michael,Pittman,WR,WR21
21-Aug-24,41.1,58.8,40.2,BUF,James,Cook,RB,RB14
21-Aug-24,41.4,8,46.2,HOU,C.J.,Stroud,QB,QB5
21-Aug-24,43.1,59,41.9,SEA,DK,Metcalf,WR,WR22
21-Aug-24,44,57.2,42,NYG,Malik,Nabers,WR,WR23
21-Aug-24,45.8,47.5,48.3,BAL,Mark,Andrews,TE,TE3
21-Aug-24,46,39.4,48.2,ARI,Trey,McBride,TE,TE4
21-Aug-24,47.7,63.7,43.2,HOU,Joe,Mixon,RB,RB15
21-Aug-24,48,63.6,50.9,NO,Alvin,Kamara,RB,RB16
21-Aug-24,48.7,60.6,47.3,PHI,DeVonta,Smith,WR,WR24
21-Aug-24,50.6,62.5,45.1,SEA,Kenneth,Walker,RB,RB17
21-Aug-24,51.6,49.8,51.3,BUF,Dalton,Kincaid,TE,TE5
21-Aug-24,52.7,70.9,52.7,BAL,Zay,Flowers,WR,WR25
21-Aug-24,53.2,69.3,58.9,SF,George,Kittle,TE,TE6
21-Aug-24,54,73.4,54.9,HOU,Tank,Dell,WR,WR26
21-Aug-24,55.3,61.1,61.3,ATL,Kyle,Pitts,TE,TE7
21-Aug-24,56,14.6,53.7,IND,Anthony,Richardson,QB,QB6
21-Aug-24,57,71.3,60.8,PIT,George,Pickens,WR,WR27
21-Aug-24,58.8,74.8,55.8,MIN,Aaron,Jones,RB,RB18
21-Aug-24,59.6,66.4,55.2,CLE,Amari,Cooper,WR,WR28
21-Aug-24,60.1,71.5,57.3,CIN,Tee,Higgins,WR,WR29
21-Aug-24,61.2,15.6,62.3,CIN,Joe,Burrow,QB,QB7
21-Aug-24,62.1,78.6,64.1,CHI,D'Andre,Swift,RB,RB19
21-Aug-24,62.5,84.1,59.7,ARI,James,Conner,RB,RB20
21-Aug-24,64.3,77.2,65.5,CHI,Keenan,Allen,WR,WR30
21-Aug-24,65.8,82.7,62.8,DET,David,Montgomery,RB,RB21
21-Aug-24,66.6,76.1,67.7,JAX,Christian,Kirk,WR,WR31
21-Aug-24,67.6,68.2,71.6,JAX,Evan,Engram,TE,TE8
21-Aug-24,68.7,81.1,68,WAS,Terry,McLaurin,WR,WR32
21-Aug-24,69.5,79.6,66.1,NE,Rhamondre,Stevenson,RB,RB22
21-Aug-24,69.7,95.5,81.7,KC,Rashee,Rice,WR,WR33
21-Aug-24,71.2,19.1,76.6,DAL,Dak,Prescott,QB,QB8
21-Aug-24,72.6,91.6,72.8,CHI,Rome,Odunze,WR,WR34
21-Aug-24,73.6,90.1,69.3,PIT,Najee,Harris,RB,RB23
21-Aug-24,74.6,87.5,74.1,GB,Jayden,Reed,WR,WR35
21-Aug-24,75,89.3,79.3,TB,Chris,Godwin,WR,WR36
21-Aug-24,76.7,95.7,76.3,KC,Xavier,Worthy,WR,WR37
21-Aug-24,76.9,102.6,78.5,TEN,Tony,Pollard,RB,RB24
21-Aug-24,78.1,21.4,69.9,ARI,Kyler,Murray,QB,QB9
21-Aug-24,79.8,83.1,83.2,LV,Brock,Bowers,TE,TE9
21-Aug-24,80.4,25.6,82.5,GB,Jordan,Love,QB,QB10
21-Aug-24,81.9,103.6,75.6,MIA,Raheem,Mostert,RB,RB25
21-Aug-24,82.2,93.9,73.8,LV,Zamir,White,RB,RB26
21-Aug-24,83.4,94.8,80.2,TEN,Calvin,Ridley,WR,WR38
21-Aug-24,84,87.4,87.6,CLE,David,Njoku,TE,TE10
21-Aug-24,85.1,99.7,83.5,MIN,Jordan,Addison,WR,WR39
21-Aug-24,86.6,85,85.5,DAL,Jake,Ferguson,TE,TE11
21-Aug-24,87,107.8,86.7,CLE,Nick,Chubb,RB,RB27
21-Aug-24,88.3,97.5,88,LAC,Ladd,McConkey,WR,WR40
21-Aug-24,89.8,92.7,92.1,KC,Hollywood,Brown,WR,WR41
21-Aug-24,90.2,29.8,97.5,SF,Brock,Purdy,QB,QB11
21-Aug-24,90.2,109.5,90.4,DEN,Javonte,Williams,RB,RB28
21-Aug-24,92.8,111.3,89,CIN,Zack,Moss,RB,RB29
21-Aug-24,93.8,113.6,95.5,WAS,Austin,Ekeler,RB,RB30
21-Aug-24,94.1,111.5,97.6,BUF,Keon,Coleman,WR,WR42
21-Aug-24,95,103.9,94.7,CAR,Diontae,Johnson,WR,WR43
21-Aug-24,96.9,114.5,101.6,TEN,DeAndre,Hopkins,WR,WR44
21-Aug-24,97.1,98.9,90,CAR,Jonathon,Brooks,RB,RB31
21-Aug-24,97.7,105.5,93.4,PIT,Jaylen,Warren,RB,RB32
21-Aug-24,99.5,116.6,96.5,NYG,Devin,Singletary,RB,RB33
21-Aug-24,100.8,115.2,102.2,SEA,Jaxon,Smith-Njigba,WR,WR45
21-Aug-24,101.4,38.6,99.4,CHI,Caleb,Williams,QB,QB12
21-Aug-24,102.2,110.7,107.4,PHI,Dallas,Goedert,TE,TE12
21-Aug-24,103.8,117.8,100.5,GB,Christian,Watson,WR,WR46
21-Aug-24,104.3,37.2,106.1,MIA,Tua,Tagovailoa,QB,QB13
21-Aug-24,104.6,119.5,104.5,JAX,Brian,Thomas,WR,WR47
21-Aug-24,106.7,118.6,118,HOU,Dalton,Schultz,TE,TE13
21-Aug-24,107.8,119.4,108.4,TEN,Tyjae,Spears,RB,RB34
21-Aug-24,108.8,126.1,103.9,WAS,Brian,Robinson,RB,RB35
21-Aug-24,109.9,39.4,113.8,DET,Jared,Goff,QB,QB14
21-Aug-24,110.2,106.2,118.7,MIN,T.J.,Hockenson,TE,TE14
21-Aug-24,111.2,125.4,111.1,DET,Jameson,Williams,WR,WR48
21-Aug-24,111.7,130.2,109.7,ARI,Trey,Benson,RB,RB36
21-Aug-24,113.5,123.3,104.3,LAC,Gus,Edwards,RB,RB37
21-Aug-24,114.3,127.9,110.8,DAL,Ezekiel,Elliott,RB,RB38
21-Aug-24,115.1,51.1,112,WAS,Jayden,Daniels,QB,QB15
21-Aug-24,116.8,132.6,114.2,DEN,Courtland,Sutton,WR,WR49
21-Aug-24,117.4,140.5,120,BUF,Curtis,Samuel,WR,WR50
21-Aug-24,118.4,135,117,CIN,Chase,Brown,RB,RB39
21-Aug-24,118.6,135.1,121.5,GB,Romeo,Doubs,WR,WR51
21-Aug-24,120.1,138.5,115.3,LAR,Blake,Corum,RB,RB40
21-Aug-24,121.5,127.7,129.7,CHI,Cole,Kmet,TE,TE15
21-Aug-24,122.7,139.4,116,CLE,Jerome,Ford,RB,RB41
21-Aug-24,123.9,134.5,122.5,SEA,Tyler,Lockett,WR,WR52
21-Aug-24,124,36.8,123,LAC,Justin,Herbert,QB,QB16
21-Aug-24,125.7,50.1,127,JAX,Trevor,Lawrence,QB,QB17
21-Aug-24,125.8,124.7,124.9,PIT,Pat,Freiermuth,TE,TE16
21-Aug-24,132.6,247.5,132.6,BAL,Justin,Tucker,K,K1
21-Aug-24,134.6,249.4,134.6,KC,Harrison,Butker,K,K2
21-Aug-24,138.8,247.8,138.8,DAL,Brandon,Aubrey,K,K3
21-Aug-24,139.1,250.9,139.1,CIN,Evan,McPherson,K,K4
21-Aug-24,142.7,142.8,125.9,BUF,Khalil,Shakir,WR,WR53
21-Aug-24,142.8,252.9,142.8,ATL,Younghoe,Koo,K,K5
21-Aug-24,145.7,151.9,125.4,IND,Adonai,Mitchell,WR,WR54
21-Aug-24,146.3,143.1,144.5,LV,Jakobi,Meyers,WR,WR55
21-Aug-24,148.6,75.9,150.4,NYJ,Aaron,Rodgers,QB,QB18
21-Aug-24,149.2,147.7,148.7,CLE,Jerry,Jeudy,WR,WR56
21-Aug-24,150.6,143.3,128.8,SEA,Zach,Charbonnet,RB,RB42
21-Aug-24,151.8,153.9,145.4,LAC,Joshua,Palmer,WR,WR57
21-Aug-24,152.2,148.9,149.2,CAR,Xavier,Legette,WR,WR58
21-Aug-24,153.4,151.3,130.6,CAR,Chuba,Hubbard,RB,RB43
21-Aug-24,153.5,141.2,153.9,GB,Luke,Musgrave,TE,TE17
21-Aug-24,155.3,158.7,131.8,LAC,J.K.,Dobbins,RB,RB44
21-Aug-24,156.6,161.6,155.6,,,,,0
21-Aug-24,156.8,145.7,147,NYJ,Mike,Williams,WR,WR59
21-Aug-24,157.4,67.7,152.8,ATL,Kirk,Cousins,QB,QB19
21-Aug-24,159.7,253.9,159.7,PHI,Jake,Elliott,K,K6
21-Aug-24,160.2,163.1,146.6,DAL,Rico,Dowdle,RB,RB45
21-Aug-24,160.5,251.4,160.5,SF,Jake,Moody,K,K7
21-Aug-24,162.8,65.3,166.3,LAR,Matthew,Stafford,QB,QB20
21-Aug-24,163.4,162.5,155.2,MIA,Jaylen,Wright,RB,RB46
21-Aug-24,163.9,254.3,163.9,HOU,Ka'imi,Fairbairn,K,K8
21-Aug-24,164.1,255.5,164.1,LAC,Cameron,Dicker,K,K9
21-Aug-24,164.2,159.3,157.8,JAX,Gabe,Davis,WR,WR60
21-Aug-24,164.7,165.7,166.7,,,,,0
21-Aug-24,165.2,146.6,151.7,NO,Rashid,Shaheed,WR,WR61
21-Aug-24,165.4,290.7,165.4,BUF,Tyler,Bass,K,K10
21-Aug-24,166.3,167.3,167.7,NE,Ja'Lynn,Polk,WR,WR62
21-Aug-24,167.1,79,178.6,TB,Baker,Mayfield,QB,QB21
21-Aug-24,167.6,170.5,153,MIN,Ty,Chandler,RB,RB47
21-Aug-24,169.5,173.4,156.9,ATL,Tyler,Allgeier,RB,RB48
21-Aug-24,170.8,159.7,177.8,WAS,Ben,Sinnott,TE,TE18
21-Aug-24,171.8,161.5,158.7,DAL,Brandin,Cooks,WR,WR63
21-Aug-24,172.7,175.6,179.3,CAR,Adam,Thielen,WR,WR64
21-Aug-24,173.9,164.3,172.9,IND,Josh,Downs,WR,WR65
21-Aug-24,174,154.5,190.3,TB,Cade,Otton,TE,TE19
21-Aug-24,179.5,165.8,169.7,GB,Dontayvion,Wicks,WR,WR66
21-Aug-24,181,182.3,192.9,BAL,Isaiah,Likely,TE,TE20
21-Aug-24,181.1,86.9,188.9,CLE,Deshaun,Watson,QB,QB22
21-Aug-24,183.2,155.1,167.9,NO,Taysom,Hill,TE,TE21
21-Aug-24,184.7,169.4,176.4,SF,Ricky,Pearsall,WR,WR67
21-Aug-24,185.5,166.3,174.3,NE,Antonio,Gibson,RB,RB49
21-Aug-24,186.4,156.7,173.1,NO,Kendre,Miller,RB,RB50
21-Aug-24,187.2,157.2,170.3,PHI,Jahan,Dotson,WR,WR68
21-Aug-24,188,177.8,194.7,NE,Hunter,Henry,TE,TE22
21-Aug-24,188.5,174.9,175,DEN,Jaleel,McLaughlin,RB,RB51
21-Aug-24,188.7,289.2,188.7,MIA,Jason,Sanders,K,K11
21-Aug-24,190.6,172.9,181.6,DEN,Troy,Franklin,WR,WR69
21-Aug-24,191.9,171.2,171.9,GB,MarShawn,Lloyd,RB,RB52
21-Aug-24,192.6,181.5,181.6,ATL,Darnell,Mooney,WR,WR70
21-Aug-24,193.4,178.7,202.4,NYJ,Tyler,Conklin,TE,TE23
21-Aug-24,194.6,180.3,180,LAC,Kimani,Vidal,RB,RB53
21-Aug-24,195.2,167.3,193.8,LAC,Quentin,Johnston,WR,WR71
21-Aug-24,195.4,183.6,195.3,NE,DeMario,Douglas,WR,WR72
21-Aug-24,197.1,187.7,183.5,BUF,Ray,Davis,RB,RB54
21-Aug-24,198.1,205.1,205.1,DAL,Dallas,Cowboys,DEF,DEF1
21-Aug-24,198.9,207.6,191,NYJ,Braelon,Allen,RB,RB55
21-Aug-24,199.1,188.3,195.3,NYG,Tyrone,Tracy,RB,RB56
21-Aug-24,200.2,203.5,197.6,SF,Elijah,Mitchell,RB,RB57
21-Aug-24,201.4,183.5,200,PIT,Roman,Wilson,WR,WR73
21-Aug-24,202.9,205.9,203.9,BAL,Baltimore,Ravens,DEF,DEF2
21-Aug-24,205.1,100.7,204.1,TEN,Will,Levis,QB,QB23
21-Aug-24,206.9,137.7,220.8,DEN,Bo,Nix,QB,QB24
21-Aug-24,207.1,209.1,208.1,CLE,Cleveland,Browns,DEF,DEF3
21-Aug-24,207.2,205.2,214.2,,,,,0
21-Aug-24,207.9,199.2,199.3,TB,Bucky,Irving,RB,RB58
21-Aug-24,207.9,208.9,207.9,,,,,0
21-Aug-24,208.4,149,209.2,PIT,Justin,Fields,QB,QB25
21-Aug-24,208.9,214.9,208.9,MIA,,,,0
21-Aug-24,209.4,186.7,205.8,CIN,Jermaine,Burton,WR,WR74
21-Aug-24,209.6,101.8,206.4,SEA,Geno,Smith,QB,QB26
21-Aug-24,210.7,213.7,214.7,,,,,0
21-Aug-24,211.2,198.9,208.9,BAL,Rashod,Bateman,WR,WR75
21-Aug-24,211.2,211.2,209.2,,,,,0
21-Aug-24,212.4,185.3,202.5,HOU,Dameon,Pierce,RB,RB59
21-Aug-24,212.8,211.8,205.8,KC,,,,0
21-Aug-24,213.8,175.5,211.9,TEN,Chigoziem,Okonkwo,TE,TE24
21-Aug-24,214.6,209.3,207.6,WAS,Luke,McCaffrey,WR,WR76
21-Aug-24,215.3,197.5,198.2,CHI,Khalil,Herbert,RB,RB60
21-Aug-24,215.5,,215.5,SEA,Jason,Myers,K,K12
21-Aug-24,215.9,209.9,216.9,,,,,0
21-Aug-24,216.7,190.9,201.7,ARI,Michael,Wilson,WR,WR77
21-Aug-24,216.9,191,223.2,SEA,Noah,Fant,TE,TE25
21-Aug-24,218.5,204.5,233.8,CIN,Mike,Gesicki,TE,TE26
21-Aug-24,219.2,291.9,219.2,LV,Daniel,Carlson,K,K13
21-Aug-24,219.9,195.2,231,NYG,Wan'Dale,Robinson,WR,WR78
21-Aug-24,220.9,,230.4,MIN,J.J.,McCarthy,QB,QB27
21-Aug-24,221.4,193.3,232.4,CAR,Ja'Tavion,Sanders,TE,TE27
21-Aug-24,222.6,129.7,226.5,NE,Drake,Maye,QB,QB28
21-Aug-24,223,194.8,212.2,NYJ,Malachi,Corley,WR,WR79
21-Aug-24,224,223.3,221.5,KC,Clyde,Edwards-Helaire,RB,RB61
21-Aug-24,225.3,121.6,228.5,CAR,Bryce,Young,QB,QB29
21-Aug-24,226.7,191.7,209.6,DEN,Marvin,Mims,WR,WR80
21-Aug-24,227.7,211.2,213.6,DEN,Audric,Estime,RB,RB62
21-Aug-24,228.4,205.7,237.3,NE,Javon,Baker,WR,WR81
21-Aug-24,229.6,199.3,236.6,CHI,Roschon,Johnson,RB,RB63
21-Aug-24,230.5,212.8,239.3,MIA,Jonnu,Smith,TE,TE28
21-Aug-24,231,210.4,229.3,LV,Alexander,Mattison,RB,RB64
21-Aug-24,239.6,179.2,254.3,MIN,Sam,Darnold,QB,QB30
21-Aug-24,240.2,257.5,253.5,BAL,Justice,Hill,RB,RB65
21-Aug-24,241.8,207,235.8,TB,Jalen,McMillan,WR,WR82
21-Aug-24,242.9,220.4,243.1,TEN,Tyler,Boyd,WR,WR83
21-Aug-24,243.7,230.5,234,GB,AJ,Dillon,RB,RB66
21-Aug-24,244.1,215.4,258.1,NYG,Theo,Johnson,TE,TE29
21-Aug-24,244.2,214.4,225.2,LAR,Demarcus,Robinson,WR,WR84
21-Aug-24,246.7,225.6,222,JAX,Tank,Bigsby,RB,RB67
21-Aug-24,247,229.4,223.5,PHI,Will,Shipley,RB,RB68
21-Aug-24,248,217.9,227.4,ARI,Greg,Dortch,WR,WR85
21-Aug-24,249.1,234.9,255.8,DAL,Jalen,Tolbert,WR,WR86
21-Aug-24,250.9,131,246.8,PIT,Russell,Wilson,QB,QB31
21-Aug-24,251.6,233.5,270.7,BUF,Dawson,Knox,TE,TE30
21-Aug-24,251.8,235.4,247.9,MIA,Odell,Beckham,WR,WR87
21-Aug-24,253.1,258.1,259.1,,,,,0
21-Aug-24,253.3,122.2,244.4,NO,Derek,Carr,QB,QB32
21-Aug-24,254,215.8,262.4,LAR,Colby,Parkinson,TE,TE31
21-Aug-24,255.5,255.5,261.5,HOU,Houston,Texans,DEF,DEF4
21-Aug-24,255.6,219.6,237.3,BAL,Keaton,Mitchell,RB,RB69
21-Aug-24,256.2,228.3,241.5,LAC,DJ,Chark,WR,WR88
21-Aug-24,257.3,133.9,240.9,NYG,Daniel,Jones,QB,QB33
21-Aug-24,258,218.2,264.5,DEN,Greg,Dulcich,TE,TE32
21-Aug-24,258.2,226,263.1,WAS,Zach,Ertz,TE,TE33
21-Aug-24,260.2,150.2,268.3,LV,Gardner,Minshew,QB,QB34
21-Aug-24,260.2,258.2,265.2,,,,,0
21-Aug-24,260.5,257.5,259.5,BUF,Buffalo,Bills,DEF,DEF5
21-Aug-24,260.5,252.5,254.5,DET,Detroit,Lions,DEF,DEF6
21-Aug-24,261.4,231.6,256.8,LV,Dylan,Laube,RB,RB70
21-Aug-24,261.4,258.4,262.4,LV,,,,0
21-Aug-24,262.5,201.7,274.2,GB,Tucker,Kraft,TE,TE34
21-Aug-24,263.1,261.1,257.1,,,,,0
21-Aug-24,263.4,270.2,265.9,LAC,Brenden,Rice,WR,WR89
21-Aug-24,263.9,256,257.4,IND,Trey,Sermon,RB,RB71
21-Aug-24,264.1,239.4,242.4,SF,Isaac,Guerendo,RB,RB72
21-Aug-24,264.2,267.2,265.2,,,,,0
21-Aug-24,265.3,223.2,272.2,ARI,Zay,Jones,WR,WR90
21-Aug-24,265.8,242.5,269.2,NYG,Jalin,Hyatt,WR,WR91
21-Aug-24,266.5,266.5,257.5,,,,,0
21-Aug-24,266.9,196.9,260.7,ATL,Michael,Penix,QB,QB35
21-Aug-24,267.2,227.9,271.1,BAL,Devontez,Walker,WR,WR92
21-Aug-24,268.7,213.1,276.3,LV,Michael,Mayer,TE,TE35
21-Aug-24,269.7,237.4,244.5,CLE,D'Onta,Foreman,RB,RB73
21-Aug-24,270.5,263.5,261.8,PHI,Kenneth,Gainwell,RB,RB74
21-Aug-24,270.8,222.4,265.5,IND,Jelani,Woods,TE,TE36
21-Aug-24,271.4,206.1,248.4,NO,Juwan,Johnson,TE,TE37
21-Aug-24,272,,,DEN,Ty'Son,Williams,RB,RB75
21-Aug-24,273,,,DEN,Anthony,Jones,RB,RB76
21-Aug-24,274,,,MIA,Marqise,Lee,WR,WR93
21-Aug-24,275,,,CHI,K.J.,Costello,QB,QB36
21-Aug-24,275.8,231.7,287.6,LAC,Hayden,Hurst,TE,TE38
21-Aug-24,276.2,241.5,267,CLE,Elijah,Moore,WR,WR94
21-Aug-24,278.2,239.5,272.6,NYG,Darius,Slayton,WR,WR95
21-Aug-24,279,,,ARI,Charlie,Taumoepeau,TE,TE39
21-Aug-24,279.2,263.1,281.8,MIA,Malik,Washington,WR,WR96
21-Aug-24,279.7,238,292.5,NYG,Daniel,Bellinger,TE,TE40
21-Aug-24,280,,,MIA,Anthony,McFarland,RB,RB77
21-Aug-24,281,,,BAL,Dylan,McDuffie,RB,RB78
21-Aug-24,281.7,243.2,275.7,NE,Kendrick,Bourne,WR,WR97
21-Aug-24,282,,,NO,Mike,Weber,RB,RB79
21-Aug-24,282.8,268.3,295.1,NO,A.T.,Perry,WR,WR98
21-Aug-24,283,,,PIT,MyCole,Pruitt,TE,TE41
21-Aug-24,283.8,271.6,271.7,ATL,Rondale,Moore,WR,WR99
21-Aug-24,285,,,ATL,Jon,Hilliman,RB,RB80
21-Aug-24,285.5,,,BAL,Jazz,Ferguson,WR,WR100
21-Aug-24,286,275.1,284.7,BAL,Rasheen,Ali,RB,RB81
21-Aug-24,286,,,DEN,Jalen,Virgil,WR,WR101
21-Aug-24,287,,,PHI,Jhamon,Ausbon,WR,WR102
21-Aug-24,287.6,,,IND,Brandon,McManus,K,K14
21-Aug-24,288,,294,WAS,James,White,RB,RB82
21-Aug-24,289,,,IND,Ethan,Fernea,WR,WR103
21-Aug-24,289.8,286.8,284.8,CHI,Chicago,Bears,DEF,DEF7
21-Aug-24,289.9,,279.7,DAL,Deuce,Vaughn,RB,RB83
21-Aug-24,290,,,IND,Eric,Tomlinson,TE,TE42
21-Aug-24,290,,,SF,J.D.,McKissic,RB,RB84
21-Aug-24,290.6,189.8,294.1,LV,Aidan,O'Connell,QB,QB37
21-Aug-24,290.8,289.8,296.8,JAX,,,,0
21-Aug-24,291,258.8,283.4,LV,Tre,Tucker,WR,WR104
21-Aug-24,292,,,CLE,Corey,Clement,RB,RB85
21-Aug-24,293,290,295,IND,Indianapolis,Colts,DEF,DEF8
21-Aug-24,293,,,IND,Speedy,Noil,WR,WR105
21-Aug-24,293.5,269.8,293.5,NE,K.J.,Osborn,WR,WR106
21-Aug-24,293.6,293.6,292.6,GB,Green Bay,Packers,DEF,DEF9
21-Aug-24,294,,,SEA,Peter,LeBlanc,WR,WR107
21-Aug-24,294.4,278.7,258.7,NO,Jamaal,Williams,RB,RB86
21-Aug-24,295,,,CAR,Eli,Stove,WR,WR108
21-Aug-24,295.5,,,NE,Caleb,Huntley,RB,RB87
21-Aug-24,295.8,267,290.2,DEN,Samaje,Perine,RB,RB88
21-Aug-24,295.9,288.9,294.9,LAR,,,,0
21-Aug-24,296,292,292,LAC,,,,0
21-Aug-24,296,,,CLE,Amba,Etta-Tawo,WR,WR109
21-Aug-24,296,,,NYG,Clayton,Thorson,QB,QB38
21-Aug-24,296.3,,,KC,Kadarius,Toney,WR,WR110
21-Aug-24,296.4,281.9,,LAR,Tyler,Higbee,TE,TE43
21-Aug-24,297,,,LAR,Cole,McDonald,QB,QB39
21-Aug-24,297.4,259.1,,NYG,Eric,Gray,RB,RB89
21-Aug-24,298,,,CIN,Malcolm,Brown,RB,RB90
21-Aug-24,298,,,TEN,Ray,Lawry,RB,RB91
21-Aug-24,298.2,279.5,285.4,CAR,Jonathan,Mingo,WR,WR111
21-Aug-24,299.9,279.2,287.3,DEN,Josh,Reynolds,WR,WR112
21-Aug-24,300,,,TB,Ja'Quan,Gardner,RB,RB92
21-Aug-24,,262.5,,NO,Spencer,Rattler,QB,QB40
21-Aug-24,,221.8,,SEA,Sam,Howell,QB,QB41
21-Aug-24,,,,NYJ,Jordan,Travis,QB,QB42
21-Aug-24,,266.2,282.1,TEN,Treylon,Burks,WR,WR113
21-Aug-24,,,,CIN,Erick,All,TE,TE44
21-Aug-24,,,,HOU,Cade,Stover,TE,TE45
21-Aug-24,,,,DAL,Trey,Lance,QB,QB43
21-Aug-24,,,,SF,Jacob,Cowing,WR,WR114
21-Aug-24,,,,KC,Jared,Wiley,TE,TE46
21-Aug-24,,,286.3,BUF,Frank,Gore,RB,RB93
21-Aug-24,,202.3,,NE,Jacoby,Brissett,QB,QB44
21-Aug-24,,261.3,,NYG,Drew,Lock,QB,QB45
21-Aug-24,,265,291.3,CAR,Miles,Sanders,RB,RB94
21-Aug-24,,298,,KC,Louis,Rees-Zammit,RB,RB95
21-Aug-24,,,,PHI,Johnny,Wilson,WR,WR115
21-Aug-24,,273.2,,CIN,Jake,Browning,QB,QB46
21-Aug-24,,,,DET,Hendon,Hooker,QB,QB47
21-Aug-24,,,,TB,Trey,Palmer,WR,WR116
21-Aug-24,,,,NE,Joe,Milton,QB,QB48
21-Aug-24,,,,NE,Jaheim,Bell,TE,TE47
21-Aug-24,,,,DEN,Denver,Broncos,DEF,DEF10
21-Aug-24,,,289.3,IND,Evan,Hull,RB,RB96
21-Aug-24,,295.2,,CIN,Andrei,Iosivas,WR,WR117
21-Aug-24,,274.1,278.5,SF,Chase,Claypool,WR,WR118
21-Aug-24,,,,PHI,Ainias,Smith,WR,WR119
21-Aug-24,,,,LAC,Cornelius,Johnson,WR,WR120
21-Aug-24,,299.2,,CLE,Cedric,Tillman,WR,WR121
21-Aug-24,,,,CLE,Jamari,Thrash,WR,WR122
21-Aug-24,,,,IND,Alec,Pierce,WR,WR123
21-Aug-24,,,,NYJ,Isaiah,Davis,RB,RB97
21-Aug-24,,,,NYJ,Israel,Abanikanda,RB,RB98
21-Aug-24,,236.4,,IND,Joe,Flacco,QB,QB49
21-Aug-24,,260.3,,CLE,Jameis,Winston,QB,QB50
21-Aug-24,,,,CAR,Jalen,Coker,WR,WR124
21-Aug-24,,,,DAL,Ryan,Flournoy,WR,WR125
21-Aug-24,,,,LAR,Tutu,Atwell,WR,WR126
21-Aug-24,,,,NO,Bub,Means,WR,WR127
21-Aug-24,,,,PHI,Kenny,Pickett,QB,QB51
21-Aug-24,,,,DEN,Dillon,Johnson,RB,RB99
21-Aug-24,,,,WAS,Chris,Rodriguez,RB,RB100
21-Aug-24,,,,DEN,Blake,Watson,RB,RB101
21-Aug-24,,,,HOU,John,Metchie,WR,WR128
21-Aug-24,,,,HOU,Cam,Akers,RB,RB102
21-Aug-24,,,,DEN,Zach,Wilson,QB,QB52
21-Aug-24,,,,ARI,Desmond,Ridder,QB,QB53
21-Aug-24,,271.7,,DEN,Jarrett,Stidham,QB,QB54
21-Aug-24,,276.9,,CHI,Gerald,Everett,TE,TE48
21-Aug-24,,277.3,,BUF,Marquez,Valdes-Scantling,WR,WR129
21-Aug-24,,292,,PIT,Cordarrelle,Patterson,RB,RB103
21-Aug-24,,293.7,,NYJ,Xavier,Gipson,WR,WR130
21-Aug-24,,294,,SF,Jauan,Jennings,WR,WR131
21-Aug-24,,295.9,,PIT,Van,Jefferson,WR,WR132
21-Aug-24,,297.5,,PIT,Calvin,Austin,WR,WR133
21-Aug-24,,,,HOU,Dalvin,Cook,RB,RB104
21-Aug-24,,,,LAR,JuJu,Smith-Schuster,WR,WR134
21-Aug-24,,,,IND,Matt,Gay,K,K15
21-Aug-24,,,250.6,SF,Jordan,Mason,RB,RB105
21-Aug-24,,,277,HOU,Davis,Cheek,QB,QB55
21-Aug-24,,,278,CHI,Albert,Wilson,WR,WR135
21-Aug-24,,,279,NYJ,Peewee,Jarrett,QB,QB56
21-Aug-24,,,281,KC,Larry,Rose,RB,RB106
21-Aug-24,,,282,HOU,J.J.,Taylor,RB,RB107
21-Aug-24,,,283,CLE,Austin,Aune,QB,QB57
21-Aug-24,,,284,SEA,Kevin,White,WR,WR136
21-Aug-24,,,285,TB,Isaiah,Bowser,RB,RB108
21-Aug-24,,,286,ATL,Zay,Malone,WR,WR137
21-Aug-24,,,287,WAS,Stephen,Baggett,TE,TE49
21-Aug-24,,,288,MIN,Mark,Ingram,RB,RB109
21-Aug-24,,,289,BAL,Jamize,Olawale,FB,FB1
21-Aug-24,,,290,MIA,Elijah,Marks,WR,WR138
21-Aug-24,,,291,WAS,Wendell,Smallwood,RB,RB110
21-Aug-24,,,292,DAL,Nick,Keizer,TE,TE50
21-Aug-24,,,293.5,IND,Mo,Alie-Cox,TE,TE51
21-Aug-24,,,295,MIA,Anthony,Johnson,WR,WR139
21-Aug-24,,,296,HOU,Jason,Witten,TE,TE52
21-Aug-24,,,297,JAX,Vernon,Davis,TE,TE53
21-Aug-24,,,298,DAL,De'Lance,Turner,RB,RB111
21-Aug-24,,,299,MIA,Nick,Sharga,FB,FB2
21-Aug-24,,,,DAL,Micah,Parsons,LB,LB1
21-Aug-24,,,,JAX,Foyesade,Oluokun,LB,LB2
21-Aug-24,,,,LV,Maxx,Crosby,DE,DE1
21-Aug-24,,,,PIT,T.J.,Watt,LB,LB3
21-Aug-24,,,,BAL,Roquan,Smith,LB,LB4
21-Aug-24,,,,DET,Aidan,Hutchinson,DL,DL1
21-Aug-24,,,,IND,Zaire,Franklin,LB,LB5
21-Aug-24,,,,SF,Nick,Bosa,DE,DE2
21-Aug-24,,,,CLE,Myles,Garrett,DE,DE3
21-Aug-24,,,,SF,Fred,Warner,LB,LB6
21-Aug-24,,,,HOU,Will,Anderson,LB,LB7
21-Aug-24,,,,CHI,T.J.,Edwards,LB,LB8
21-Aug-24,,,,JAX,Josh,Hines-Allen,DE,DE4
21-Aug-24,,,,NYG,Bobby,Okereke,LB,LB9
21-Aug-24,,,,BAL,Kyle,Hamilton,DB,DB1
21-Aug-24,,,,TB,Antoine,Winfield,DB,DB2
21-Aug-24,,,,LAR,Ernest,Jones,LB,LB10
21-Aug-24,,,,HOU,Danielle,Hunter,DE,DE5
21-Aug-24,,,,KC,Nick,Bolton,LB,LB11
21-Aug-24,,,,PIT,Patrick,Queen,LB,LB12
21-Aug-24,,,,NYG,Kayvon,Thibodeaux,DL,DL2
21-Aug-24,,,,ATL,Jessie,Bates,DB,DB3
21-Aug-24,,,,LAC,Derwin,James,DB,DB4
21-Aug-24,,,,NYJ,Sauce,Gardner,DB,DB5
21-Aug-24,,,,BUF,Terrel,Bernard,LB,LB13
21-Aug-24,,,,CHI,Montez,Sweat,DE,DE6
21-Aug-24,,,,DEN,Alex,Singleton,LB,LB14
21-Aug-24,,,,NYG,Brian,Burns,DE,DE7
21-Aug-24,,,,NYJ,Quincy,Williams,LB,LB15
21-Aug-24,,,,GB,Xavier,McKinney,DB,DB6
21-Aug-24,,,,IND,DeForest,Buckner,DT,DT1
21-Aug-24,,,,IND,Laiatu,Latu,DL,DL3
21-Aug-24,,,,MIN,Dallas,Turner,LB,LB16
21-Aug-24,,,,GB,Quay,Walker,LB,LB17
21-Aug-24,,,,MIA,Jordyn,Brooks,LB,LB18
21-Aug-24,,,,MIN,Camryn,Bynum,DB,DB7
21-Aug-24,,,,LV,Christian,Wilkins,DT,DT2
21-Aug-24,,,,HOU,Azeez,Al-Shaair,LB,LB19
21-Aug-24,,,,CIN,Logan,Wilson,LB,LB20
21-Aug-24,,,,DET,Brian,Branch,DB,DB8
21-Aug-24,,,,NYJ,Quinnen,Williams,DT,DT3
21-Aug-24,,,,MIN,Ivan,Pace,LB,LB21
21-Aug-24,,,,PIT,Minkah,Fitzpatrick,DB,DB9
21-Aug-24,,,,SEA,Devon,Witherspoon,DB,DB10
21-Aug-24,,,,PHI,Jalen,Carter,DL,DL4
21-Aug-24,,,,JAX,Devin,Lloyd,LB,LB22
21-Aug-24,,,,SEA,Julian,Love,DB,DB11
21-Aug-24,,,,WAS,Bobby,Wagner,LB,LB23
21-Aug-24,,,,CHI,Jaquan,Brisker,DB,DB12
21-Aug-24,,,,DEN,Pat,Surtain,CB,CB1
21-Aug-24,,,,CIN,Trey,Hendrickson,DE,DE8
21-Aug-24,,,,LAC,Junior,Colson,LB,LB24
21-Aug-24,,,,CLE,Jeremiah,Owusu-Koramoah,LB,LB25
21-Aug-24,,,,NYJ,C.J.,Mosley,LB,LB26
21-Aug-24,,,,KC,Trent,McDuffie,DB,DB13
21-Aug-24,,,,MIN,Joshua,Metellus,DB,DB14
21-Aug-24,,,,GB,Edgerrin,Cooper,LB,LB27
21-Aug-24,,,,LAR,Jared,Verse,DL,DL5
21-Aug-24,,,,JAX,Travon,Walker,LB,LB28
21-Aug-24,,,,CHI,Tremaine,Edmunds,LB,LB29
21-Aug-24,,,,PHI,Devin,White,LB,LB30
21-Aug-24,,,,KC,Chris,Jones,DT,DT4
21-Aug-24,,,,MIA,Jaelan,Phillips,LB,LB31
21-Aug-24,,,,BAL,Justin,Madubuike,DT,DT5
21-Aug-24,,,,HOU,Jalen,Pitre,DB,DB15
21-Aug-24,,,,CHI,Kevin,Byard,DB,DB16
21-Aug-24,,,,KC,George,Karlaftis,DL,DL6
21-Aug-24,,,,ARI,Budda,Baker,DB,DB17
21-Aug-24,,,,DET,Jack,Campbell,LB,LB32
21-Aug-24,,,,WAS,Frankie,Luvu,LB,LB33
21-Aug-24,,,,NE,Kyle,Dugger,DB,DB18
21-Aug-24,,,,DET,Alex,Anzalone,LB,LB34
21-Aug-24,,,,LAC,Khalil,Mack,LB,LB35
21-Aug-24,,,,PHI,C.J.,Gardner-Johnson,DB,DB19
21-Aug-24,,,,ATL,Arnold,Ebiketie,DL,DL7
21-Aug-24,,,,PIT,Alex,Highsmith,LB,LB36
21-Aug-24,,,,DAL,DaRon,Bland,DB,DB20
21-Aug-24,,,,LV,Robert,Spillane,LB,LB37
21-Aug-24,,,,PHI,Cooper,DeJean,DB,DB21
21-Aug-24,,,,NYJ,Haason,Reddick,LB,LB38
21-Aug-24,,,,SEA,Tyrel,Dodson,LB,LB39
21-Aug-24,,,,SEA,Byron,Murphy,DL,DL8
21-Aug-24,,,,LAR,Byron,Young,LB,LB40
21-Aug-24,,,,TB,Lavonte,David,LB,LB41
21-Aug-24,,,,TEN,L'Jarius,Sneed,CB,CB2
21-Aug-24,,,,CAR,Derrick,Brown,DT,DT6
21-Aug-24,,,,LAR,Kamren,Curl,DB,DB22
21-Aug-24,,,,DAL,Trevon,Diggs,CB,CB3
21-Aug-24,,,,SF,Talanoa,Hufanga,DB,DB23
21-Aug-24,,,,BUF,Greg,Rousseau,DE,DE9
21-Aug-24,,,,NYJ,Jermaine,Johnson,LB,LB42
21-Aug-24,,,,TEN,Harold,Landry,LB,LB43
21-Aug-24,,,,PHI,Reed,Blankenship,DB,DB24
21-Aug-24,,,,HOU,Christian,Harris,LB,LB44
21-Aug-24,,,,DET,Kerby,Joseph,DB,DB25
21-Aug-24,,,,NYG,Isaiah,Simmons,DB,DB26
21-Aug-24,,,,LAC,Joey,Bosa,LB,LB45
21-Aug-24,,,,MIA,Jevon,Holland,DB,DB27
21-Aug-24,,,,HOU,Derek,Stingley,DB,DB28
21-Aug-24,,,,ARI,Kyzir,White,LB,LB46
21-Aug-24,,,,PIT,Payton,Wilson,LB,LB47
21-Aug-24,,,,MIN,Jonathan,Greenard,DE,DE10
21-Aug-24,,,,MIA,Chop,Robinson,DE,DE11
21-Aug-24,,,,SF,Dre,Greenlaw,LB,LB48
21-Aug-24,,,,NE,Christian,Gonzalez,DB,DB29
21-Aug-24,,,,GB,Rashan,Gary,LB,LB49
21-Aug-24,,,,ATL,Matt,Judon,LB,LB50
21-Aug-24,,,,KC,Drue,Tranquill,LB,LB51
21-Aug-24,,,,CAR,Josey,Jewell,LB,LB52
21-Aug-24,,,,NYG,Dexter,Lawrence,DT,DT7
21-Aug-24,,,,DAL,Eric,Kendricks,LB,LB53
21-Aug-24,,,,MIA,Bradley,Chubb,LB,LB54
21-Aug-24,,,,PHI,Quinyon,Mitchell,CB,CB4
21-Aug-24,,,,LAC,Tuli,Tuipulotu,DL,DL9
21-Aug-24,,,,CLE,Grant,Delpit,DB,DB30
21-Aug-24,,,,BUF,Taylor,Rapp,DB,DB31
21-Aug-24,,,,BAL,Trenton,Simpson,LB,LB55
21-Aug-24,,,,TEN,Kenneth,Murray,LB,LB56
21-Aug-24,,,,NO,Carl,Granderson,DE,DE12
21-Aug-24,,,,LV,Malcolm,Koonce,DE,DE13
21-Aug-24,,,,DET,Terrion,Arnold,DB,DB32
21-Aug-24,,,,TEN,Jeffery,Simmons,DT,DT8
21-Aug-24,,,,CIN,Dax,Hill,DB,DB33
21-Aug-24,,,,CIN,Jordan,Battle,DB,DB34
21-Aug-24,,,,IND,Kenny,Moore,CB,CB5
21-Aug-24,,,,ARI,Darius,Robinson,DL,DL10
21-Aug-24,,,,NYG,Micah,McFadden,LB,LB57
21-Aug-24,,,,BUF,Cole,Bishop,DB,DB35
21-Aug-24,,,,MIA,Jalen,Ramsey,CB,CB6
21-Aug-24,,,,NYG,Tyler,Nubin,DB,DB36
21-Aug-24,,,,NO,Demario,Davis,LB,LB58
21-Aug-24,,,,ATL,Troy,Andersen,LB,LB59
21-Aug-24,,,,NO,Kool-Aid,McKinstry,DB,DB37
21-Aug-24,,,,BUF,Matt,Milano,LB,LB60
21-Aug-24,,,,LAR,Kobie,Turner,DT,DT9
21-Aug-24,,,,SEA,Boye,Mafe,DL,DL11
21-Aug-24,,,,BUF,Taron,Johnson,CB,CB7
21-Aug-24,,,,CLE,Jordan,Hicks,LB,LB61
21-Aug-24,,,,IND,E.J.,Speed,LB,LB62
21-Aug-24,,,,NE,Christian,Barmore,DT,DT10
21-Aug-24,,,,GB,Javon,Bullard,DB,DB38
21-Aug-24,,,,NE,Ja'Whaun,Bentley,LB,LB63
21-Aug-24,,,,NO,Chase,Young,DE,DE14
21-Aug-24,,,,PHI,Bryce,Huff,DE,DE15
21-Aug-24,,,,ARI,Jalen,Thompson,DB,DB39
21-Aug-24,,,,ATL,Kaden,Elliss,LB,LB64
21-Aug-24,,,,NO,Pete,Werner,LB,LB65
21-Aug-24,,,,WAS,Jeremy,Chinn,DB,DB40
21-Aug-24,,,,KC,Emani,Bailey,RB,RB112
,,,,,,,,
,,,,,,,,
,,,,,,,,
,,,,,,,,
,,,,,,,,
,,,,,,,,
,,,,,,,,
,,,,,,,,
,,,,,,,,
,,,,,,,,
,,,,,,,,
,,,,,,,,
,,,,,,,,
,,,,,,,,
,,,,,,,,
,,,,,,,,
,,,,,,,,
,,,,,,,,
,,,,,,,,
,,,,,,,,
,,,,,,,,
,,,,,,,,
,,,,,,,,
,,,,,,,,
,,,,,,,,
,,,,,,,,
,,,,,,,,
,,,,,,,,
,,,,,,,,
,,,,,,,,
,,,,,,,,
,,,,,,,,
,,,,,,,,
,,,,,,,,
,,,,,,,,
,,,,,,,,
,,,,,,,,
,,,,,,,,
,,,,,,,,
,,,,,,,,
,,,,,,,,
,,,,,,,,
,,,,,,,,
,,,,,,,,
,,,,,,,,
,,,,,,,,
,,,,,,,,
,,,,,,,,
,,,,,,,,
,,,,,,,,
,,,,,,,,
,,,,,,,,
,,,,,,,,
,,,,,,,,
,,,,,,,,
,,,,,,,,
,,,,,,,,
,,,,,,,,
,,,,,,,,
,,,,,,,,
,,,,,,,,
,,,,,,,,
,,,,,,,,
,,,,,,,,
,,,,,,,,
,,,,,,,,
,,,,,,,,
,,,,,,,,
,,,,,,,,
,,,,,,,,
,,,,,,,,
,,,,,,,,
,,,,,,,,
,,,,,,,,
,,,,,,,,
,,,,,,,,
,,,,,,,,
,,,,,,,,
,,,,,,,,
,,,,,,,,
,,,,,,,,
,,,,,,,,
,,,,,,,,
,,,,,,,,
,,,,,,,,
,,,,,,,,
,,,,,,,,
,,,,,,,,
,,,,,,,,
,,,,,,,,
,,,,,,,,
,,,,,,,,
,,,,,,,,
,,,,,,,,
,,,,,,,,
,,,,,,,,
,,,,,,,,
,,,,,,,,
,,,,,,,,
,,,,,,,,
,,,,,,,,
,,,,,,,,
,,,,,,,,
,,,,,,,,
,,,,,,,,
,,,,,,,,
,,,,,,,,
,,,,,,,,
,,,,,,,,
,,,,,,,,
,,,,,,,,
,,,,,,,,
,,,,,,,,
,,,,,,,,
,,,,,,,,
,,,,,,,,
,,,,,,,,
,,,,,,,,
,,,,,,,,
,,,,,,,,
,,,,,,,,
,,,,,,,,
,,,,,,,,
,,,,,,,,
,,,,,,,,
,,,,,,,,
,,,,,,,,
,,,,,,,,
,,,,,,,,
,,,,,,,,
,,,,,,,,
,,,,,,,,
,,,,,,,,
,,,,,,,,
,,,,,,,,
,,,,,,,,
,,,,,,,,
,,,,,,,,
,,,,,,,,
,,,,,,,,
,,,,,,,,
,,,,,,,,
,,,,,,,,
,,,,,,,,
,,,,,,,,
,,,,,,,,
,,,,,,,,
,,,,,,,,
,,,,,,,,
,,,,,,,,
,,,,,,,,
,,,,,,,,
,,,,,,,,
,,,,,,,,
,,,,,,,,
,,,,,,,,
,,,,,,,,
,,,,,,,,
,,,,,,,,
,,,,,,,,
,,,,,,,,
,,,,,,,,
,,,,,,,,
,,,,,,,,
,,,,,,,,
,,,,,,,,
,,,,,,,,
,,,,,,,,
,,,,,,,,
,,,,,,,,
,,,,,,,,
,,,,,,,,
,,,,,,,,
,,,,,,,,
,,,,,,,,
,,,,,,,,
,,,,,,,,
,,,,,,,,
,,,,,,,,
,,,,,,,,
,,,,,,,,
,,,,,,,,
,,,,,,,,
,,,,,,,,
,,,,,,,,
,,,,,,,,
,,,,,,,,
,,,,,,,,
,,,,,,,,
,,,,,,,,
,,,,,,,,
,,,,,,,,
,,,,,,,,
,,,,,,,,
,,,,,,,,
,,,,,,,,
,,,,,,,,
,,,,,,,,
,,,,,,,,
,,,,,,,,
,,,,,,,,
,,,,,,,,
,,,,,,,,
,,,,,,,,
,,,,,,,,
,,,,,,,,
,,,,,,,,
,,,,,,,,
,,,,,,,,
,,,,,,,,
,,,,,,,,
,,,,,,,,
,,,,,,,,
,,,,,,,,
,,,,,,,,
,,,,,,,,
,,,,,,,,
,,,,,,,,
,,,,,,,,
,,,,,,,,
,,,,,,,,
,,,,,,,,
,,,,,,,,
,,,,,,,,
,,,,,,,,
,,,,,,,,
,,,,,,,,
,,,,,,,,
,,,,,,,,
,,,,,,,,
,,,,,,,,
,,,,,,,,
,,,,,,,,
,,,,,,,,
,,,,,,,,
,,,,,,,,
,,,,,,,,
,,,,,,,,
,,,,,,,,
,,,,,,,,
,,,,,,,,
,,,,,,,,
,,,,,,,,
,,,,,,,,
,,,,,,,,
,,,,,,,,
,,,,,,,,
,,,,,,,,
,,,,,,,,
,,,,,,,,
,,,,,,,,
,,,,,,,,
,,,,,,,,
,,,,,,,,
,,,,,,,,
,,,,,,,,
,,,,,,,,
,,,,,,,,
,,,,,,,,
,,,,,,,,
,,,,,,,,
,,,,,,,,
,,,,,,,,
,,,,,,,,
,,,,,,,,
,,,,,,,,
,,,,,,,,
,,,,,,,,
,,,,,,,,
,,,,,,,,
,,,,,,,,
,,,,,,,,
,,,,,,,,
,,,,,,,,
,,,,,,,,
,,,,,,,,
,,,,,,,,
,,,,,,,,
,,,,,,,,
,,,,,,,,
,,,,,,,,
,,,,,,,,
,,,,,,,,
,,,,,,,,
,,,,,,,,
,,,,,,,,
,,,,,,,,
,,,,,,,,
,,,,,,,,
,,,,,,,,
,,,,,,,,
,,,,,,,,
,,,,,,,,
,,,,,,,,
,,,,,,,,
,,,,,,,,
,,,,,,,,
,,,,,,,,
,,,,,,,,
,,,,,,,,
,,,,,,,,
,,,,,,,,
,,,,,,,,
,,,,,,,,
,,,,,,,,
,,,,,,,,
,,,,,,,,
,,,,,,,,
,,,,,,,,
,,,,,,,,
,,,,,,,,
,,,,,,,,
,,,,,,,,
,,,,,,,,
,,,,,,,,
,,,,,,,,
,,,,,,,,
,,,,,,,,
,,,,,,,,
,,,,,,,,
,,,,,,,,
,,,,,,,,
,,,,,,,,
,,,,,,,,
,,,,,,,,
,,,,,,,,
,,,,,,,,
,,,,,,,,
,,,,,,,,
,,,,,,,,
,,,,,,,,
,,,,,,,,
,,,,,,,,
,,,,,,,,
,,,,,,,,
,,,,,,,,
,,,,,,,,
,,,,,,,,
,,,,,,,,
,,,,,,,,
,,,,,,,,
,,,,,,,,
,,,,,,,,
,,,,,,,,
,,,,,,,,
,,,,,,,,
,,,,,,,,
,,,,,,,,
,,,,,,,,
,,,,,,,,
,,,,,,,,
,,,,,,,,
,,,,,,,,
,,,,,,,,
,,,,,,,,
,,,,,,,,
,,,,,,,,
,,,,,,,,
,,,,,,,,
,,,,,,,,
,,,,,,,,
,,,,,,,,
,,,,,,,,
,,,,,,,,
,,,,,,,,
,,,,,,,,
,,,,,,,,
,,,,,,,,
,,,,,,,,
,,,,,,,,
,,,,,,,,
,,,,,,,,
,,,,,,,,
,,,,,,,,
,,,,,,,,
,,,,,,,,
,,,,,,,,
,,,,,,,,
,,,,,,,,
,,,,,,,,
,,,,,,,,
,,,,,,,,
,,,,,,,,
,,,,,,,,
,,,,,,,,
,,,,,,,,
,,,,,,,,
,,,,,,,,
,,,,,,,,
,,,,,,,,
,,,,,,,,
,,,,,,,,
,,,,,,,,
,,,,,,,,
,,,,,,,,
,,,,,,,,
,,,,,,,,
,,,,,,,,
,,,,,,,,
,,,,,,,,
,,,,,,,,
,,,,,,,,
,,,,,,,,
,,,,,,,,
,,,,,,,,
,,,,,,,,
,,,,,,,,
,,,,,,,,
,,,,,,,,
,,,,,,,,
,,,,,,,,
,,,,,,,,
,,,,,,,,
,,,,,,,,
,,,,,,,,
,,,,,,,,
,,,,,,,,
,,,,,,,,
,,,,,,,,
,,,,,,,,
,,,,,,,,
,,,,,,,,
,,,,,,,,
,,,,,,,,
,,,,,,,,
,,,,,,,,
,,,,,,,,
,,,,,,,,
,,,,,,,,
,,,,,,,,
,,,,,,,,
,,,,,,,,
,,,,,,,,
,,,,,,,,
,,,,,,,,
,,,,,,,,
,,,,,,,,
,,,,,,,,
,,,,,,,,
,,,,,,,,
,,,,,,,,
,,,,,,,,
,,,,,,,,
,,,,,,,,
,,,,,,,,